,lat,long,alt,bssid,duplicated,signal_strength
1271,59.3459549,18.0716652,50.0,eduroam,False,-90.0
1288,59.34597049999999,18.071655399999997,50.0,eduroam,False,-91.0
1306,59.346036,18.071758600000003,54.0,eduroam,False,-86.0
1327,59.346193299999996,18.071755800000002,45.0,eduroam,False,-89.75
1378,59.346380200000006,18.0718335,45.0,eduroam,False,-90.2
1402,59.3465448,18.0719939,44.0,eduroam,False,-87.8
1433,59.34741120000001,18.0710884,60.0,eduroam,False,-83.85714285714286
1493,59.3475499,18.0708984,59.0,eduroam,False,-84.85714285714286
1549,59.3476899,18.070703299999998,65.0,eduroam,False,-87.33333333333333
1605,59.3478037,18.070551100000003,67.0,eduroam,False,-87.0
1653,59.3479247,18.0703997,67.0,eduroam,False,-87.23809523809524
1745,59.3482443,18.070111699999998,62.0,eduroam,False,-87.36842105263158
1799,59.34837829999999,18.0700918,56.0,eduroam,False,-84.0
1863,59.3485858,18.0701102,61.0,eduroam,False,-84.3076923076923
1912,59.348712,18.070005899999998,63.0,eduroam,False,-88.33333333333333
1946,59.3488973,18.0698159,61.0,eduroam,False,-86.45454545454545
1985,59.34902460000001,18.0696225,66.0,eduroam,False,-86.0909090909091
2021,59.34913100000001,18.0694376,59.0,eduroam,False,-86.36363636363636
2066,59.349280799999995,18.069332100000004,61.0,eduroam,False,-89.42857142857143
2104,59.3494257,18.0692247,61.0,eduroam,False,-90.0
2132,59.349364,18.0689267,61.0,eduroam,False,-92.5
2146,59.34936679999999,18.068647600000002,65.0,eduroam,False,-92.0
2157,59.3499963,18.0671915,70.0,eduroam,False,-83.4
2186,59.3500328,18.0670395,73.0,eduroam,False,-82.14285714285714
2316,59.3500699,18.0666089,0.0,eduroam,False,-85.6
2340,59.350052399999996,18.0665906,0.0,eduroam,False,-83.63636363636364
2371,59.3500062,18.066548,0.0,eduroam,False,-79.9
2404,59.3499725,18.0664616,0.0,eduroam,False,-82.88888888888889
2432,59.349917700000006,18.0664391,0.0,eduroam,False,-84.125
2454,59.34989350000001,18.066436399999997,0.0,eduroam,False,-83.28571428571429
2474,59.3497583,18.066775399999997,83.0,eduroam,False,-83.26923076923077
2543,0.0,0.0,0.0,eduroam,False,-82.73333333333333
2579,59.34984059999999,18.0664686,0.0,eduroam,False,-84.72727272727273
2615,59.3498411,18.066477399999997,0.0,eduroam,False,-80.625
2737,59.349926399999994,18.0663296,0.0,eduroam,False,-76.23809523809524
2761,59.3498706,18.0663396,0.0,eduroam,False,-75.83333333333333
2782,59.35009590000001,18.066114600000002,0.0,eduroam,False,-79.25
2819,59.3501064,18.0660984,0.0,eduroam,False,-80.75
2852,59.3501155,18.066109899999997,0.0,eduroam,False,-83.57142857142857
2889,59.350104200000004,18.0661613,0.0,eduroam,False,-86.72727272727273
2929,59.3501176,18.066220899999998,0.0,eduroam,False,-89.83333333333333
2973,59.350454000000006,18.066677300000002,76.0,eduroam,False,-85.5
3547,59.3507531,18.0662357,0.0,eduroam,False,-93.0
3777,59.35079770000001,18.0670175,67.0,eduroam,False,-92.0
4069,59.350816200000004,18.067069,70.0,eduroam,False,-84.5
4131,59.3508461,18.0670257,0.0,eduroam,False,-88.0
4189,59.350843700000006,18.0670197,0.0,eduroam,False,-83.78571428571429
4375,59.35088100000001,18.0670451,0.0,eduroam,False,-83.0
4440,59.350923,18.067048800000002,0.0,eduroam,False,-83.44444444444444
4508,59.3509409,18.067046899999998,0.0,eduroam,False,-83.1
4582,59.3510797,18.0673109,59.0,eduroam,False,-81.42857142857143
4668,59.350934200000005,18.067079,0.0,eduroam,False,-81.5
4724,59.35087239999999,18.0670517,0.0,eduroam,False,-83.25
4825,59.3507942,18.0677779,69.0,eduroam,False,-88.0
5075,59.3505806,18.0676324,0.0,eduroam,False,-90.0
5161,59.350587899999994,18.0676336,0.0,eduroam,False,-90.5
5232,59.3505971,18.0676259,0.0,eduroam,False,-90.5
5388,59.3505795,18.067644,0.0,eduroam,False,-84.6
5420,59.35057389999999,18.067650600000004,0.0,eduroam,False,-87.5
5454,59.3505738,18.067658899999998,0.0,eduroam,False,-87.14285714285714
5510,59.350104599999995,18.0689176,0.0,eduroam,False,-82.26666666666667
5582,59.3500555,18.0690067,0.0,eduroam,False,-81.0
5609,59.3500554,18.069005899999997,0.0,eduroam,False,-85.4
5638,59.350029500000005,18.0689993,0.0,eduroam,False,-82.6
5664,59.3497684,18.0688716,0.0,eduroam,False,-83.55555555555556
5722,59.3498679,18.0689012,0.0,eduroam,False,-86.375
5788,59.349999100000005,18.068669699999997,0.0,eduroam,False,-87.75
5831,59.34996089999999,18.0687279,0.0,eduroam,False,-87.08333333333333
5888,59.349140500000004,18.0695974,0.0,eduroam,False,-81.15789473684211
5971,59.3487645,18.069222600000003,0.0,eduroam,False,-79.22727272727273
6062,59.349200100000004,18.069458100000002,65.0,eduroam,False,-79.94736842105263
6140,59.349326500000004,18.0692367,61.0,eduroam,False,-86.0
6186,59.3495603,18.0691353,66.0,eduroam,False,-88.28571428571429
6216,59.349641000000005,18.0685094,73.0,eduroam,False,-88.25
6235,59.3496219,18.068465,72.0,eduroam,False,-85.0
6259,59.3496416,18.068710600000003,0.0,eduroam,False,-89.0
6264,59.349746100000004,18.0679318,0.0,eduroam,False,-84.5
6274,59.34978670000001,18.0677307,0.0,eduroam,False,-83.0
6302,59.3498066,18.0663437,0.0,eduroam,False,-80.75
6316,59.349850100000005,18.0661743,0.0,eduroam,False,-78.8
6332,59.3498666,18.066181600000004,0.0,eduroam,False,-78.83333333333333
6355,59.349863600000006,18.0662208,0.0,eduroam,False,-81.9090909090909
6388,59.349863600000006,18.0662585,0.0,eduroam,False,-81.9090909090909
6421,59.3507905,18.0659267,173.0,eduroam,False,-82.4
6455,59.35034279999999,18.0666557,46.0,eduroam,False,-84.78571428571429
6500,59.350086700000006,18.0668213,0.0,eduroam,False,-82.0
6523,59.3499074,18.0673297,100.0,eduroam,False,-80.25
6554,59.3499407,18.0671827,112.0,eduroam,False,-81.0
6591,59.350000300000005,18.0674661,102.0,eduroam,False,-81.41666666666667
6627,59.35015,18.0679157,69.0,eduroam,False,-79.2
6703,59.3503635,18.0681884,80.0,eduroam,False,-82.8
6753,59.3502247,18.0683567,77.0,eduroam,False,-84.16666666666667
6785,59.349908299999996,18.0687799,69.0,eduroam,False,-78.83333333333333
6815,59.3502453,18.0682544,0.0,eduroam,False,-85.71428571428571
6854,59.3501779,18.0683931,0.0,eduroam,False,-86.2
6886,59.349571999999995,18.0692603,72.0,eduroam,False,-86.6
6924,59.3495208,18.069457,88.0,eduroam,False,-85.22222222222223
6971,59.3488179,18.069843,70.0,eduroam,False,-82.93103448275862
7089,59.34876559999999,18.0699282,67.0,eduroam,False,-85.16666666666667
7140,59.348605000000006,18.0702348,66.0,eduroam,False,-84.83333333333333
7194,59.3487423,18.0700173,0.0,eduroam,False,-82.75
7257,59.3485914,18.070150899999998,0.0,eduroam,False,-80.25
7328,59.3485135,18.0702182,0.0,eduroam,False,-84.72222222222223
7394,59.3484783,18.0702135,0.0,eduroam,False,-85.55
7469,59.34846579999999,18.0702124,0.0,eduroam,False,-83.69565217391305
7558,59.34771510000001,18.0708603,67.0,eduroam,False,-84.16
7644,59.3475754,18.0709626,67.0,eduroam,False,-81.31818181818181
7713,59.347463299999994,18.0711835,68.0,eduroam,False,-81.5625
7776,59.3473162,18.0713265,66.0,eduroam,False,-83.3076923076923
7835,59.348114100000004,18.0701145,0.0,eduroam,False,-82.0
7877,59.3482103,18.0701057,0.0,eduroam,False,-86.63636363636364
7977,59.3466058,18.0718326,64.0,eduroam,False,-88.0
8044,59.346308799999996,18.0716521,49.0,eduroam,False,-90.25
8086,59.3465238,18.071814899999996,0.0,eduroam,False,-90.33333333333333
8154,59.346129299999994,18.0716224,49.0,eduroam,False,-90.0
8186,59.3459858,18.071466600000004,44.0,eduroam,False,-90.0
10385,59.346039399999995,18.071439,76.0,eduroam,False,-87.0
10399,59.3461846,18.0716005,58.0,eduroam,False,-88.75
10430,59.3464355,18.0717092,60.0,eduroam,False,-84.63636363636364
10474,59.346515000000004,18.0717147,59.0,eduroam,False,-86.08333333333333
10532,59.3465581,18.072262,57.0,eduroam,False,-84.13333333333334
10593,59.3465078,18.0724251,0.0,eduroam,False,-85.06666666666666
10647,59.346527,18.0723483,0.0,eduroam,False,-86.5
10703,59.34653670000001,18.072259399999997,0.0,eduroam,False,-83.53846153846153
10758,59.3468017,18.0733177,55.0,eduroam,False,-82.71428571428571
10813,59.3470115,18.0732603,57.0,eduroam,False,-78.45454545454545
10898,59.34684229999999,18.073174800000004,0.0,eduroam,False,-77.875
10954,59.346918099999996,18.0731505,55.0,eduroam,False,-79.57142857142857
11001,59.3468921,18.0727791,0.0,eduroam,False,-81.8125
11049,59.347016,18.0730122,0.0,eduroam,False,-79.54545454545455
11081,59.347181799999994,18.072871799999998,0.0,eduroam,False,-82.125
11100,59.347267599999995,18.0727513,0.0,eduroam,False,-86.6
11110,59.347304599999994,18.0727616,0.0,eduroam,False,-81.33333333333333
11145,59.34770770000001,18.073285300000002,60.0,eduroam,False,-84.6923076923077
11187,59.34779640000001,18.0735981,62.0,eduroam,False,-86.6923076923077
11231,59.3477765,18.073925600000003,72.0,eduroam,False,-80.33333333333333
11281,59.3478914,18.0740549,76.0,eduroam,False,-82.27272727272727
11326,59.3479672,18.0741879,70.0,eduroam,False,-81.76923076923077
11388,59.3480713,18.073995999999998,69.0,eduroam,False,-85.0
11449,59.348087199999995,18.0737838,69.0,eduroam,False,-84.85714285714286
11491,59.348152500000005,18.0738551,0.0,eduroam,False,-85.54545454545455
11527,59.3482361,18.073447,75.0,eduroam,False,-86.64285714285714
11574,59.3484868,18.0734676,71.0,eduroam,False,-87.08333333333333
11621,59.3486372,18.0734922,67.0,eduroam,False,-90.0
11670,59.34873149999999,18.073503100000003,60.0,eduroam,False,-85.28571428571429
11730,59.3488327,18.0735657,61.0,eduroam,False,-82.71428571428571
11792,59.3488816,18.0736355,53.0,eduroam,False,-85.08333333333333
11843,59.3490257,18.0736329,59.0,eduroam,False,-85.58333333333333
11902,59.3492005,18.0733288,61.0,eduroam,False,-87.0
11949,59.3492762,18.0730213,61.0,eduroam,False,-87.57142857142857
11976,59.34935060000001,18.072626100000004,54.0,eduroam,False,-87.75
11991,59.349405299999994,18.0724145,54.0,eduroam,False,-84.42857142857143
12011,59.349335399999994,18.072035999999997,59.0,eduroam,False,-82.5
12033,59.34926329999999,18.071464199999998,74.0,eduroam,False,-79.8
12053,59.3492549,18.071172699999998,77.0,eduroam,False,-89.0
12073,59.3493699,18.069713800000002,122.0,eduroam,False,-88.41666666666667
12133,59.349584,18.0697822,117.0,eduroam,False,-87.5
12182,59.349633700000005,18.0696844,97.0,eduroam,False,-86.55555555555556
12219,59.34955600000001,18.0693417,82.0,eduroam,False,-88.22222222222223
12274,59.34949,18.0684597,69.0,eduroam,False,-88.33333333333333
12295,59.349533900000004,18.0681235,64.0,eduroam,False,-84.7
12331,59.349562399999996,18.067891699999997,70.0,eduroam,False,-84.7
12369,59.34972020000001,18.0678728,71.0,eduroam,False,-81.0
12409,59.349884499999995,18.0672137,63.0,eduroam,False,-82.16666666666667
12515,59.350031900000005,18.0669685,65.0,eduroam,False,-80.2
12586,59.350047100000005,18.066981100000003,66.0,eduroam,False,-76.27586206896552
12677,59.3500469,18.0669804,66.0,eduroam,False,-79.47368421052632
12785,59.3498441,18.066376,0.0,eduroam,False,-70.2
12803,59.3498556,18.0663251,0.0,eduroam,False,-78.2
12825,59.349847600000004,18.066304100000004,0.0,eduroam,False,-84.0
12848,59.349861499999996,18.0662813,0.0,eduroam,False,-83.5
12870,59.34987220000001,18.066246300000003,0.0,eduroam,False,-83.71428571428571
12889,59.349866000000006,18.0662549,0.0,eduroam,False,-84.3
12911,59.3498652,18.0662427,0.0,eduroam,False,-83.125
12936,59.3498671,18.0662288,0.0,eduroam,False,-84.7
12961,59.3498637,18.0662314,0.0,eduroam,False,-84.88888888888889
12983,59.349861600000004,18.0662375,0.0,eduroam,False,-80.375
13005,59.349857799999995,18.0662498,0.0,eduroam,False,-81.42105263157895
13031,59.349731999999996,18.0667206,78.0,eduroam,False,-80.42857142857143
13055,59.3498503,18.066372,0.0,eduroam,False,-80.63636363636364
13109,59.349733400000005,18.0667088,80.0,eduroam,False,-81.6
13144,59.3497344,18.066621899999998,96.0,eduroam,False,-82.375
13194,59.3497241,18.066600899999997,94.0,eduroam,False,-84.0
13226,59.34972729999999,18.066578200000002,102.0,eduroam,False,-81.22222222222223
13253,59.3497278,18.066559299999998,104.0,eduroam,False,-81.83333333333333
13305,59.3497254,18.066552800000004,105.0,eduroam,False,-82.52941176470588
13356,59.3494038,18.0662656,103.0,eduroam,False,-82.0
13381,59.3491081,18.0664275,102.0,eduroam,False,-83.625
13406,59.3498566,18.0662459,0.0,eduroam,False,-86.0
13429,59.349855299999994,18.0662428,0.0,eduroam,False,-81.55555555555556
13450,59.34984920000001,18.066247399999998,0.0,eduroam,False,-82.81818181818181
13479,59.34984839999999,18.0662472,0.0,eduroam,False,-83.9
13508,59.3498505,18.0662475,0.0,eduroam,False,-79.0625
13529,59.350114000000005,18.066910699999998,66.0,eduroam,False,-79.9090909090909
13557,59.349821999999996,18.0662781,0.0,eduroam,False,-83.25
13583,59.349831900000005,18.0662635,0.0,eduroam,False,-83.0
13606,59.3498457,18.066234899999998,0.0,eduroam,False,-83.57142857142857
13630,59.3498527,18.066218799999998,0.0,eduroam,False,-81.5
13655,59.3498494,18.0662229,0.0,eduroam,False,-79.71428571428571
13677,59.34984910000001,18.0662328,0.0,eduroam,False,-80.52941176470588
13697,59.34985329999999,18.0662485,0.0,eduroam,False,-83.0
13723,59.349856200000005,18.0662527,0.0,eduroam,False,-81.85714285714286
13749,59.3498576,18.0662516,0.0,eduroam,False,-84.0
13771,59.3498576,18.066249600000003,0.0,eduroam,False,-84.0
13795,59.3498563,18.0662528,0.0,eduroam,False,-84.55555555555556
13820,59.3498547,18.0662543,0.0,eduroam,False,-83.21428571428571
13845,59.349857799999995,18.0662528,0.0,eduroam,False,-81.42105263157895
13866,59.3498542,18.066247600000004,0.0,eduroam,False,-78.71428571428571
13888,59.34984910000001,18.0662512,0.0,eduroam,False,-80.52941176470588
13909,59.34985160000001,18.0662525,0.0,eduroam,False,-81.25
13929,59.3498539,18.066246,0.0,eduroam,False,-82.7
13952,59.349855500000004,18.0662414,0.0,eduroam,False,-81.22222222222223
13974,59.3498575,18.0662374,0.0,eduroam,False,-82.14285714285714
13996,59.3497197,18.066577600000002,95.0,eduroam,False,-78.25
14015,59.349862300000005,18.066185,0.0,eduroam,False,-81.28571428571429
14033,59.349858700000006,18.066209,0.0,eduroam,False,-79.3529411764706
14054,59.3498561,18.066214000000002,0.0,eduroam,False,-76.66666666666667
14074,59.34985770000001,18.066202,0.0,eduroam,False,-82.0
14096,59.349858600000005,18.066221600000002,0.0,eduroam,False,-80.66666666666667
14118,59.3498598,18.0662374,0.0,eduroam,False,-75.0
14139,59.349858499999996,18.0662424,0.0,eduroam,False,-76.71428571428571
14159,59.3498572,18.0662435,0.0,eduroam,False,-81.25
14181,59.349859200000004,18.066237100000002,0.0,eduroam,False,-81.33333333333333
14205,59.349861700000005,18.0662294,0.0,eduroam,False,-78.0
14226,59.3498568,18.0662426,0.0,eduroam,False,-81.55555555555556
14250,59.349852500000004,18.066247100000002,0.0,eduroam,False,-80.16666666666667
14272,59.349852299999995,18.066247699999998,0.0,eduroam,False,-79.25
14289,59.3498498,18.066252,0.0,eduroam,False,-79.85714285714286
14310,59.3498466,18.0662501,0.0,eduroam,False,-83.88888888888889
14337,59.349847100000005,18.066254999999998,0.0,eduroam,False,-82.125
14362,59.34984910000001,18.0662539,0.0,eduroam,False,-80.52941176470588
14385,59.3498507,18.0662528,0.0,eduroam,False,-79.75
14403,59.34985089999999,18.066256600000003,0.0,eduroam,False,-81.0
14420,59.3498507,18.066254699999998,0.0,eduroam,False,-79.75
14441,59.3498505,18.0662585,0.0,eduroam,False,-79.0625
14462,59.3498503,18.0662615,0.0,eduroam,False,-80.63636363636364
14485,59.3498511,18.0662615,0.0,eduroam,False,-80.61764705882354
14511,59.349852500000004,18.0662637,0.0,eduroam,False,-80.16666666666667
14537,59.349852,18.066267,0.0,eduroam,False,-77.0
14558,59.3498522,18.0662645,0.0,eduroam,False,-81.0
14582,59.349852600000006,18.066262,0.0,eduroam,False,-82.0
14606,59.349852299999995,18.0662614,0.0,eduroam,False,-79.25
14628,59.3498531,18.0662587,0.0,eduroam,False,-81.14285714285714
14648,59.3498547,18.066257399999998,0.0,eduroam,False,-83.21428571428571
14664,59.3498551,18.0662583,0.0,eduroam,False,-81.0
14683,59.3498554,18.0662572,0.0,eduroam,False,-80.85714285714286
14704,59.349857400000005,18.066250399999998,0.0,eduroam,False,-80.8
14725,59.3498575,18.0662514,0.0,eduroam,False,-82.14285714285714
14745,59.3498576,18.0662528,0.0,eduroam,False,-84.0
14762,59.3498575,18.066252,0.0,eduroam,False,-82.14285714285714
14785,59.3498579,18.0662515,0.0,eduroam,False,-79.85714285714286
14809,59.3498584,18.0662509,0.0,eduroam,False,-80.2
14829,59.34985820000001,18.0662515,0.0,eduroam,False,-82.0
14848,59.3498581,18.0662508,0.0,eduroam,False,-77.33333333333333
14867,59.3498569,18.0662514,0.0,eduroam,False,-79.125
14889,59.3498549,18.066252600000002,0.0,eduroam,False,-83.25
14913,59.349849,18.0662713,0.0,eduroam,False,-84.0
14931,59.349851,18.066274300000003,0.0,eduroam,False,-81.4
15115,59.3460343,18.0716677,39.0,eduroam,False,-87.66666666666667
15143,59.3462313,18.0715938,34.0,eduroam,False,-88.4
15179,59.3463723,18.0717958,57.0,eduroam,False,-90.25
15219,59.346517500000004,18.071835,51.0,eduroam,False,-87.6
15255,59.3466404,18.0718982,55.0,eduroam,False,-83.875
15300,59.346762,18.0717982,58.0,eduroam,False,-84.06666666666666
15379,59.3468949,18.0717194,61.0,eduroam,False,-84.0
15409,59.347052399999995,18.0716084,64.0,eduroam,False,-84.66666666666667
15453,59.347167799999994,18.071547600000002,59.0,eduroam,False,-78.28571428571429
15481,59.3472111,18.0714401,68.0,eduroam,False,-77.42857142857143
15505,59.347190299999994,18.071576,64.0,eduroam,False,-76.5
15529,59.347193299999994,18.071573899999997,58.0,eduroam,False,-77.5
15551,59.347194900000005,18.0715712,58.0,eduroam,False,-74.57142857142857
15575,59.34720600000001,18.0715642,65.0,eduroam,False,-84.77777777777777
15605,59.3472201,18.071609600000002,62.0,eduroam,False,-86.0
15637,59.3471402,18.0712298,0.0,eduroam,False,-83.0
15670,59.347421999999995,18.0713435,56.0,eduroam,False,-80.66666666666667
15709,59.347483499999996,18.0715098,61.0,eduroam,False,-81.88888888888889
15780,59.347435600000004,18.0714322,63.0,eduroam,False,-82.48
15874,59.3476584,18.0711461,71.0,eduroam,False,-83.15384615384616
15912,59.3477708,18.0709956,73.0,eduroam,False,-79.94736842105263
15994,59.3474981,18.070874399999997,0.0,eduroam,False,-84.92857142857143
16046,59.3480895,18.070273,67.0,eduroam,False,-85.35897435897436
16193,59.348248999999996,18.070166600000004,65.0,eduroam,False,-84.14285714285714
16261,59.3484473,18.070150299999998,67.0,eduroam,False,-80.9375
16327,59.34864640000001,18.0701688,72.0,eduroam,False,-83.93333333333334
16397,59.348953200000004,18.069882800000002,77.0,eduroam,False,-84.57142857142857
16461,59.3492204,18.0694968,73.0,eduroam,False,-84.16666666666667
16513,59.34935279999999,18.0692954,66.0,eduroam,False,-85.9090909090909
16561,59.3495002,18.069194500000002,70.0,eduroam,False,-89.6
16589,59.3496301,18.0689546,66.0,eduroam,False,-90.4
16637,59.349779299999994,18.0688311,64.0,eduroam,False,-85.875
16674,59.3497693,18.0686267,72.0,eduroam,False,-83.42857142857143
16702,59.3496784,18.068406200000002,70.0,eduroam,False,-80.0
16714,59.3495915,18.0681441,76.0,eduroam,False,-69.0
16723,59.34964179999999,18.0688945,0.0,eduroam,False,-85.2
16745,59.3496491,18.068739100000002,0.0,eduroam,False,-79.28571428571429
16776,59.34991579999999,18.0674909,89.0,eduroam,False,-79.0
16812,59.349951399999995,18.067203,88.0,eduroam,False,-84.0909090909091
16891,59.3499803,18.067016199999998,76.0,eduroam,False,-86.92307692307692
16932,59.349841299999994,18.066646300000002,72.0,eduroam,False,-84.81818181818181
16977,59.3498084,18.0664471,70.0,eduroam,False,-83.0
17021,59.349791,18.0664516,73.0,eduroam,False,-78.9090909090909
17063,59.350148700000005,18.065979100000003,0.0,eduroam,False,-78.86363636363636
17090,59.3501108,18.0659983,50.0,eduroam,False,-85.5
17117,59.350182700000005,18.0657277,62.0,eduroam,False,-90.0
19003,59.3437829,18.054649800000004,28.0,eduroam,False,-79.0
19029,59.3437565,18.054717899999996,19.0,eduroam,False,-84.5
19053,59.3437791,18.0547505,20.0,eduroam,False,-84.5
19077,59.343784,18.0547831,20.0,eduroam,False,-82.0
19096,59.3437837,18.054783,20.0,eduroam,False,-84.5
19115,59.3434924,18.0538655,21.0,eduroam,False,-85.33333333333333
19141,59.343356400000005,18.052962,36.0,eduroam,False,-83.0
19248,59.34312679999999,18.0514903,46.0,eduroam,False,-78.0
19264,59.342969599999996,18.0511122,42.0,eduroam,False,-83.0
21590,59.331953299999995,18.0450759,35.0,eduroam,False,-91.0
21622,59.3317804,18.044872100000003,41.0,eduroam,False,-84.66666666666667
21659,59.3317665,18.044863,44.0,eduroam,False,-82.66666666666667
21698,59.331390500000005,18.0446138,39.0,eduroam,False,-81.4
21731,59.3310863,18.044420199999998,45.0,eduroam,False,-81.0
21764,59.331051699999996,18.044497800000002,33.0,eduroam,False,-85.5
21819,59.3301532,18.043936300000002,41.0,eduroam,False,-87.0
24661,59.327978,18.0525985,21.0,eduroam,False,-83.0
24679,59.3278889,18.0537432,19.0,eduroam,False,-83.0
26181,59.345903500000006,18.0712615,0.0,eduroam,False,-92.0
26211,59.3468429,18.0717534,62.0,eduroam,False,-88.71428571428571
26242,59.3474341,18.0711439,66.0,eduroam,False,-86.3076923076923
26283,59.3479581,18.0704092,75.0,eduroam,False,-86.3125
26336,59.3483156,18.0688706,67.0,eduroam,False,-86.52173913043478
26389,59.348417299999994,18.0687983,69.0,eduroam,False,-88.0
26431,59.34866579999999,18.068756399999998,69.0,eduroam,False,-85.5
26469,59.348806,18.0686869,73.0,eduroam,False,-88.81818181818181
26510,59.34897629999999,18.0685986,80.0,eduroam,False,-88.55555555555556
26541,59.3490699,18.068278699999997,82.0,eduroam,False,-86.4
26558,59.3491719,18.0683028,84.0,eduroam,False,-89.5
26560,59.34929449999999,18.068178699999997,82.0,eduroam,False,-90.0
26566,59.3493639,18.0681534,75.0,eduroam,False,-89.0
26580,59.3494316,18.068023999999998,69.0,eduroam,False,-85.71428571428571
26603,59.3498037,18.067294399999998,91.0,eduroam,False,-82.16666666666667
26657,59.3499078,18.0674451,88.0,eduroam,False,-79.7
26695,59.3499093,18.0673489,83.0,eduroam,False,-85.66666666666667
26729,59.3499848,18.067045999999998,81.0,eduroam,False,-84.08333333333333
26768,59.350151100000005,18.0660497,71.0,eduroam,False,-79.375
26804,59.350196700000005,18.066221300000002,67.0,eduroam,False,-82.25
26852,59.3502375,18.0663571,65.0,eduroam,False,-83.25
26898,59.3502291,18.066630899999996,67.0,eduroam,False,-85.0
26927,59.3503627,18.0667539,69.0,eduroam,False,-85.16666666666667
26951,59.350379000000004,18.0669095,57.0,eduroam,False,-89.25
27105,59.350458200000006,18.067121,41.0,eduroam,False,-89.6
27155,59.350548399999994,18.067357,47.0,eduroam,False,-89.2
27246,59.350688299999995,18.067568100000003,57.0,eduroam,False,-87.0
27290,59.35081339999999,18.0674838,55.0,eduroam,False,-90.66666666666667
27329,59.3509022,18.067366,54.0,eduroam,False,-87.71428571428571
27395,59.3509999,18.0672361,58.0,eduroam,False,-86.81818181818181
27462,59.35127489999999,18.066931,43.0,eduroam,False,-84.8
27568,59.351328099999996,18.066786399999998,44.0,eduroam,False,-86.0
27615,59.3514295,18.0666273,45.0,eduroam,False,-89.2
27652,59.351522700000004,18.0665759,46.0,eduroam,False,-88.8
27684,59.351631700000006,18.0665891,47.0,eduroam,False,-87.33333333333333
27738,59.3517071,18.066451100000002,48.0,eduroam,False,-80.0
27770,59.3518655,18.0662182,43.0,eduroam,False,-93.0
27772,59.352024,18.0661291,43.0,eduroam,False,-93.0
27780,59.3522198,18.066024399999996,45.0,eduroam,False,-87.0
27803,59.3530718,18.0657265,44.0,eduroam,False,-89.5
27810,59.35333570000001,18.065588100000003,54.0,eduroam,False,-82.0
27828,59.352721900000006,18.0660617,0.0,eduroam,False,-75.16666666666667
27848,59.352654099999995,18.066102899999997,0.0,eduroam,False,-71.88888888888889
27871,59.352573,18.066152300000002,0.0,eduroam,False,-66.125
27896,59.3525019,18.066241,0.0,eduroam,False,-62.25
27907,59.352481700000006,18.0662292,0.0,eduroam,False,-64.33333333333333
27917,59.3524601,18.0662525,0.0,eduroam,False,-66.33333333333333
27927,59.3524603,18.066254,0.0,eduroam,False,-65.4
27946,59.3524436,18.0662586,0.0,eduroam,False,-68.0
27956,59.352436899999994,18.0662715,0.0,eduroam,False,-66.66666666666667
27965,59.352431200000005,18.0662728,0.0,eduroam,False,-65.0
27975,59.352433999999995,18.0662671,0.0,eduroam,False,-64.33333333333333
27984,59.3524422,18.066263,0.0,eduroam,False,-69.33333333333333
27994,59.352436499999996,18.0662658,0.0,eduroam,False,-69.66666666666667
28004,59.35243570000001,18.066264,0.0,eduroam,False,-67.75
28012,59.35243570000001,18.0662617,0.0,eduroam,False,-67.75
28021,59.35243539999999,18.066261100000002,0.0,eduroam,False,-65.33333333333333
28031,59.3524339,18.0662634,0.0,eduroam,False,-63.833333333333336
28041,59.3524326,18.066264899999997,0.0,eduroam,False,-62.5
28060,59.3524461,18.0662615,0.0,eduroam,False,-65.75
28071,59.352441799999994,18.0662598,0.0,eduroam,False,-68.0
28081,59.3524404,18.0662598,0.0,eduroam,False,-60.666666666666664
28091,59.352444299999995,18.0662603,0.0,eduroam,False,-63.0
28101,59.35245,18.066260699999997,0.0,eduroam,False,-67.5
28109,59.3524494,18.0662604,0.0,eduroam,False,-64.0
28117,59.3524478,18.066257,0.0,eduroam,False,-61.666666666666664
28126,59.352447399999996,18.066257,0.0,eduroam,False,-66.33333333333333
28136,59.3524498,18.0662561,0.0,eduroam,False,-67.33333333333333
28146,59.3524462,18.0662628,0.0,eduroam,False,-66.2
28164,59.352431,18.0662473,0.0,eduroam,False,-68.4
28182,59.3524728,18.066260699999997,0.0,eduroam,False,-69.75
28193,59.3524537,18.066271899999997,0.0,eduroam,False,-70.0
28203,59.352445900000006,18.0662723,0.0,eduroam,False,-70.5
28211,59.3524436,18.066266,0.0,eduroam,False,-68.0
28219,59.3524392,18.066263199999998,0.0,eduroam,False,-67.5
28228,59.352441500000005,18.066257399999998,0.0,eduroam,False,-69.5
28237,59.352441500000005,18.0662512,0.0,eduroam,False,-69.5
28246,59.352438799999995,18.0662522,0.0,eduroam,False,-71.5
28254,59.3524397,18.066254999999998,0.0,eduroam,False,-67.25
28270,59.352439600000004,18.0662538,0.0,eduroam,False,-68.5
28277,59.3524272,18.0662491,0.0,eduroam,False,-71.0
28284,59.35242950000001,18.0662491,0.0,eduroam,False,-71.5
28291,59.35242679999999,18.0662503,0.0,eduroam,False,-73.0
28298,59.352424,18.06625,0.0,eduroam,False,-70.5
28306,59.352427899999995,18.0662538,0.0,eduroam,False,-65.66666666666667
28315,59.35242629999999,18.0662622,0.0,eduroam,False,-67.66666666666667
28324,59.352423800000004,18.0662742,0.0,eduroam,False,-67.0
28332,59.352417200000005,18.0662645,0.0,eduroam,False,-67.0
28341,59.3524297,18.066253200000002,0.0,eduroam,False,-70.0
28351,59.352428700000004,18.066262,0.0,eduroam,False,-65.0
28361,59.35242579999999,18.0662603,0.0,eduroam,False,-66.66666666666667
28371,59.352429099999995,18.0662593,0.0,eduroam,False,-65.0
28382,59.352436399999995,18.0662625,0.0,eduroam,False,-63.666666666666664
28393,59.3532294,18.065635,56.0,eduroam,False,-70.33333333333333
28402,59.3524068,18.0662698,0.0,eduroam,False,-68.33333333333333
28412,59.3524132,18.0662693,0.0,eduroam,False,-66.0
28421,59.352422600000004,18.066264999999998,0.0,eduroam,False,-65.0
28429,59.3524285,18.066260699999997,0.0,eduroam,False,-63.0
28438,59.3524339,18.0662508,0.0,eduroam,False,-63.833333333333336
28449,59.3524417,18.0662462,0.0,eduroam,False,-59.333333333333336
28460,59.3524444,18.0662515,0.0,eduroam,False,-65.66666666666667
28470,59.3524416,18.066255399999996,0.0,eduroam,False,-64.33333333333333
28481,59.3524441,18.0662518,0.0,eduroam,False,-57.0
28492,59.3524507,18.0662438,0.0,eduroam,False,-59.0
28502,59.353229799999994,18.0656359,56.0,eduroam,False,-70.0
28510,59.3524376,18.0662484,0.0,eduroam,False,-64.5
28520,59.349996,18.0672141,71.0,eduroam,False,-84.125
28548,59.3501061,18.067565899999998,68.0,eduroam,False,-83.6
28570,59.350072999999995,18.0676943,59.0,eduroam,False,-86.8
28589,59.3499728,18.0686172,61.0,eduroam,False,-84.57142857142857
28627,59.3497667,18.0690555,66.0,eduroam,False,-86.0
28656,59.34957370000001,18.0691237,65.0,eduroam,False,-89.16666666666667
28693,59.3495209,18.069315399999997,74.0,eduroam,False,-90.81818181818181
28735,59.349365,18.0695501,71.0,eduroam,False,-82.8125
28768,59.349182400000004,18.0696523,72.0,eduroam,False,-88.0
28804,59.3489123,18.06992,70.0,eduroam,False,-85.9090909090909
28854,59.3486123,18.070286,66.0,eduroam,False,-88.375
28892,59.34848589999999,18.0704196,56.0,eduroam,False,-86.91666666666667
28945,59.348370499999994,18.070350100000002,60.0,eduroam,False,-87.23076923076923
29000,59.34827779999999,18.070419,62.0,eduroam,False,-88.9090909090909
29048,59.3482751,18.0706549,66.0,eduroam,False,-88.16666666666667
29076,59.3483132,18.0710008,66.0,eduroam,False,-86.63636363636364
29094,59.348313100000006,18.071258,73.0,eduroam,False,-89.0
29109,59.3483132,18.0713751,70.0,eduroam,False,-86.63636363636364
29126,59.348240000000004,18.0716434,71.0,eduroam,False,-85.16666666666667
29158,59.3482205,18.072298800000002,59.0,eduroam,False,-83.71428571428571
29202,59.34814920000001,18.073180999999998,67.0,eduroam,False,-83.12
29262,59.3481672,18.0733003,54.0,eduroam,False,-84.9047619047619
29321,59.3479954,18.0732113,53.0,eduroam,False,-84.88888888888889
29373,59.34779939999999,18.0730902,57.0,eduroam,False,-85.3157894736842
29432,59.347724,18.0731593,57.0,eduroam,False,-86.13636363636364
29499,59.3476155,18.0729817,59.0,eduroam,False,-83.52
29565,59.347449399999995,18.072537399999998,60.0,eduroam,False,-79.8
29631,59.34751970000001,18.0726893,69.0,eduroam,False,-82.5
29707,59.3476624,18.0729082,63.0,eduroam,False,-82.17647058823529
29752,59.3477603,18.072917999999998,54.0,eduroam,False,-85.71428571428571
29785,59.3476702,18.0732021,45.0,eduroam,False,-84.3125
29829,59.3474621,18.0732712,53.0,eduroam,False,-84.94117647058823
29887,59.347188,18.073246100000002,51.0,eduroam,False,-85.73684210526316
29942,59.34707879999999,18.0734405,63.0,eduroam,False,-82.44444444444444
29998,59.3469722,18.073396799999998,61.0,eduroam,False,-82.6923076923077
30042,59.346876699999996,18.0731799,52.0,eduroam,False,-86.42105263157895
30094,59.3467336,18.073131399999998,52.0,eduroam,False,-87.35714285714286
30159,59.3466942,18.073081100000003,45.0,eduroam,False,-84.77777777777777
30211,59.3465969,18.072892899999996,54.0,eduroam,False,-86.0
30257,59.346574100000005,18.072216,59.0,eduroam,False,-87.2
30309,59.3465131,18.071923100000003,53.0,eduroam,False,-88.0
30360,59.3463664,18.071831,50.0,eduroam,False,-88.0
30440,59.3462245,18.071692199999998,46.0,eduroam,False,-89.5
30472,59.3461201,18.0715412,50.0,eduroam,False,-89.33333333333333
30521,59.345883799999996,18.0715095,38.0,eduroam,False,-89.0
30542,59.3460459,18.0717264,53.0,eduroam,False,-92.0
30560,59.346078299999995,18.071658399999997,0.0,eduroam,False,-88.0
30624,59.3460696,18.0715723,0.0,eduroam,False,-89.66666666666667
30662,59.3466664,18.072202100000002,58.0,eduroam,False,-87.38461538461539
30715,59.34663829999999,18.071935600000003,0.0,eduroam,False,-85.5
30773,59.346663899999996,18.071887399999998,0.0,eduroam,False,-83.75
30826,59.3466395,18.071878299999998,0.0,eduroam,False,-81.9090909090909
30879,59.346645200000005,18.0718602,0.0,eduroam,False,-83.78571428571429
30937,59.346672899999994,18.0718421,0.0,eduroam,False,-83.01886792452831
31097,59.347477299999994,18.0728514,43.0,eduroam,False,-80.80952380952381
31182,59.3472666,18.0725613,0.0,eduroam,False,-82.68571428571428
31291,59.34768489999999,18.073251199999998,50.0,eduroam,False,-81.6
31350,59.347712,18.072928,0.0,eduroam,False,-81.58823529411765
31417,59.347731599999996,18.0729699,0.0,eduroam,False,-82.1875
31463,59.347744999999996,18.072991899999998,0.0,eduroam,False,-81.46153846153847
31555,59.348166799999994,18.0729103,65.0,eduroam,False,-85.0
31599,59.348246700000004,18.0726992,66.0,eduroam,False,-87.2
31634,59.3482965,18.072186300000002,67.0,eduroam,False,-87.5
31666,59.3483744,18.0719038,74.0,eduroam,False,-86.375
31689,59.348338899999995,18.0716474,72.0,eduroam,False,-78.5
31699,59.3477402,18.0722263,0.0,eduroam,False,-79.57142857142857
31723,59.347764100000006,18.0723089,0.0,eduroam,False,-84.75
31744,59.347768,18.072311,0.0,eduroam,False,-87.58333333333333
31787,59.3482929,18.0696527,0.0,eduroam,False,-88.5
31849,59.3482796,18.0698512,0.0,eduroam,False,-86.83333333333333
31923,59.348384200000005,18.0696851,0.0,eduroam,False,-87.6
31980,59.348377,18.0700543,0.0,eduroam,False,-87.4
32021,59.348400899999994,18.0701298,0.0,eduroam,False,-86.8
32051,59.3488948,18.06975,0.0,eduroam,False,-87.27272727272727
32101,59.3488978,18.069743799999998,0.0,eduroam,False,-87.07692307692308
32158,59.3489443,18.0697336,0.0,eduroam,False,-87.11538461538461
32263,59.3490302,18.069744,0.0,eduroam,False,-88.0
32302,59.3492839,18.0704746,0.0,eduroam,False,-86.5
32321,59.3493223,18.0698936,0.0,eduroam,False,-81.5
32330,59.34938270000001,18.069126100000002,0.0,eduroam,False,-88.5
32346,59.349543700000005,18.068836100000002,0.0,eduroam,False,-87.0
32363,59.3496319,18.068707999999997,0.0,eduroam,False,-84.14285714285714
32381,59.3497466,18.067859600000002,0.0,eduroam,False,-80.0
32401,59.3497774,18.067581399999998,0.0,eduroam,False,-73.4
32422,59.3497869,18.0675448,0.0,eduroam,False,-79.16666666666667
32448,59.349797200000005,18.0675056,0.0,eduroam,False,-78.625
32502,59.3501878,18.0670888,67.0,eduroam,False,-85.0
32534,59.3498511,18.0671854,57.0,eduroam,False,-80.61764705882354
32626,59.3496029,18.068101300000002,75.0,eduroam,False,-79.8
32644,59.3493851,18.0681332,64.0,eduroam,False,-75.5
32657,59.349199,18.06816,63.0,eduroam,False,-82.83333333333333
32710,59.34877779999999,18.068534699999997,68.0,eduroam,False,-84.66666666666667
32787,59.348471700000005,18.068813100000003,51.0,eduroam,False,-85.75
32851,59.3482302,18.069114300000003,53.0,eduroam,False,-87.47058823529412
32920,59.3480593,18.069576,48.0,eduroam,False,-88.94117647058823
32985,59.34793979999999,18.0703926,56.0,eduroam,False,-86.76470588235294
33044,59.34784870000001,18.070538100000004,58.0,eduroam,False,-84.375
33102,59.3478448,18.0705075,55.0,eduroam,False,-81.72727272727273
33141,59.3477917,18.0706007,65.0,eduroam,False,-81.45454545454545
33176,59.347713399999996,18.0707628,75.0,eduroam,False,-82.34615384615384
33265,59.34747779999999,18.0712781,85.0,eduroam,False,-80.28571428571429
33305,59.347165000000004,18.071699399999996,79.0,eduroam,False,-87.0
33342,59.3467792,18.072077,73.0,eduroam,False,-87.0
33393,59.346533799999996,18.0720872,70.0,eduroam,False,-88.6
33463,59.346361,18.0718706,63.0,eduroam,False,-88.6
33631,59.346489899999995,18.0725163,63.0,eduroam,False,-90.33333333333333
33710,59.34641020000001,18.0726058,64.0,eduroam,False,-87.42857142857143
33750,59.346430700000006,18.0724232,30.0,eduroam,False,-87.27272727272727
33798,59.346374499999996,18.0720527,0.0,eduroam,False,-87.375
33832,59.34660770000001,18.0718884,37.0,eduroam,False,-88.66666666666667
33856,59.3467154,18.071649899999997,40.0,eduroam,False,-86.6
33897,59.3469169,18.0715058,42.0,eduroam,False,-82.75
33929,59.34707629999999,18.0714116,59.0,eduroam,False,-83.0
33967,59.3472198,18.071297199999997,68.0,eduroam,False,-81.9090909090909
34007,59.3473705,18.071182399999998,71.0,eduroam,False,-84.54545454545455
34056,59.34749179999999,18.0710296,73.0,eduroam,False,-88.86666666666666
34105,59.34782760000001,18.070670899999996,59.0,eduroam,False,-86.67857142857143
34211,59.3481063,18.0702788,60.0,eduroam,False,-86.8360655737705
34438,59.34828149999999,18.0701298,65.0,eduroam,False,-85.4
34511,59.348406499999996,18.0700735,58.0,eduroam,False,-85.76666666666667
34630,59.350162899999994,18.0660187,0.0,eduroam,False,-79.21428571428571
34653,59.350162899999994,18.0660336,0.0,eduroam,False,-79.21428571428571
34690,59.3501542,18.066055,0.0,eduroam,False,-81.25
34727,59.350154599999996,18.0660545,0.0,eduroam,False,-82.7
34768,59.3501583,18.066057100000002,0.0,eduroam,False,-83.4
34795,59.350358400000005,18.0667819,59.0,eduroam,False,-85.66666666666667
34820,59.350434,18.067035399999998,56.0,eduroam,False,-88.0
34885,59.3506037,18.0674484,0.0,eduroam,False,-87.0
34923,59.3505935,18.0675384,0.0,eduroam,False,-88.0
34971,59.3505979,18.0675615,0.0,eduroam,False,-89.2
35070,59.350621999999994,18.067556200000002,0.0,eduroam,False,-90.5
35221,59.350649,18.067563699999997,0.0,eduroam,False,-93.0
35257,59.350653,18.0675644,0.0,eduroam,False,-91.0
35290,59.35079739999999,18.068693600000003,56.0,eduroam,False,-89.0
35319,59.350522399999996,18.067750699999998,0.0,eduroam,False,-92.0
35323,59.35052679999999,18.0677601,0.0,eduroam,False,-92.0
35330,59.35052879999999,18.0678236,0.0,eduroam,False,-89.1875
35370,59.3510684,18.070684600000003,0.0,eduroam,False,-87.0
35388,59.3510785,18.0706533,0.0,eduroam,False,-81.14285714285714
35411,59.3509781,18.070375100000003,0.0,eduroam,False,-80.33333333333333
35436,59.3509572,18.0703163,0.0,eduroam,False,-82.125
35459,59.3509548,18.070261399999996,0.0,eduroam,False,-83.16666666666667
35481,59.35094470000001,18.070227300000003,0.0,eduroam,False,-82.125
35506,59.350937,18.070196499999998,0.0,eduroam,False,-84.0
35531,59.3509343,18.0701647,0.0,eduroam,False,-83.5
35549,59.3515116,18.0697341,50.0,eduroam,False,-85.57142857142857
35566,59.35166039999999,18.0695202,49.0,eduroam,False,-87.4
35586,59.35132629999999,18.0678984,0.0,eduroam,False,-89.6
35615,59.351322100000004,18.0680653,0.0,eduroam,False,-86.8
35637,59.351264,18.0685082,0.0,eduroam,False,-84.33333333333333
35655,59.3512377,18.0686971,0.0,eduroam,False,-87.28571428571429
35683,59.3518081,18.0688264,0.0,eduroam,False,-86.0
35700,59.351836899999995,18.068861300000002,0.0,eduroam,False,-85.5
35707,59.351866799999996,18.068869199999998,0.0,eduroam,False,-75.4
35723,59.3518459,18.068879100000004,0.0,eduroam,False,-73.8
35738,59.351846900000005,18.0688971,0.0,eduroam,False,-83.0
35750,59.3518299,18.069093600000002,59.0,eduroam,False,-86.0
35760,59.351782799999995,18.069072,53.0,eduroam,False,-90.0
35767,59.351673899999994,18.069194399999997,51.0,eduroam,False,-88.66666666666667
35775,59.3516035,18.0690074,50.0,eduroam,False,-88.66666666666667
35787,59.3516044,18.0688648,43.0,eduroam,False,-87.0
35799,59.3511092,18.0692563,0.0,eduroam,False,-86.8
35810,59.351129099999994,18.069205,0.0,eduroam,False,-81.57142857142857
35824,59.3511699,18.069169100000003,0.0,eduroam,False,-82.71428571428571
35837,59.3511657,18.0691829,0.0,eduroam,False,-84.5
35843,59.35114,18.0692706,0.0,eduroam,False,-85.66666666666667
35854,59.35112579999999,18.069314399999996,0.0,eduroam,False,-74.5
35874,59.35110329999999,18.0693579,0.0,eduroam,False,-83.71428571428571
35896,59.351114,18.069636199999998,0.0,eduroam,False,-84.66666666666667
35924,59.351127000000005,18.0697948,0.0,eduroam,False,-85.64285714285714
35962,59.3511299,18.069896399999998,0.0,eduroam,False,-87.48275862068965
36033,59.3511505,18.0706134,0.0,eduroam,False,-85.44444444444444
36073,59.35129250000001,18.0719772,51.0,eduroam,False,-86.33333333333333
36090,59.351338600000005,18.0722439,61.0,eduroam,False,-85.27272727272727
36128,59.3512382,18.0722499,58.0,eduroam,False,-84.33333333333333
36150,59.3513071,18.0721333,0.0,eduroam,False,-84.5
36169,59.35124520000001,18.0721718,0.0,eduroam,False,-83.375
36191,59.351233799999996,18.0721782,0.0,eduroam,False,-79.16666666666667
36210,59.351144700000006,18.0722499,0.0,eduroam,False,-82.5
36230,59.351025,18.0723728,0.0,eduroam,False,-86.0
36244,59.35065920000001,18.0731422,49.0,eduroam,False,-89.0
36271,59.350595299999995,18.0731338,0.0,eduroam,False,-86.66666666666667
36296,59.3504826,18.0733514,0.0,eduroam,False,-85.83333333333333
36317,59.350529599999994,18.0735238,0.0,eduroam,False,-83.33333333333333
36343,59.35039129999999,18.0737005,0.0,eduroam,False,-80.88888888888889
36367,59.35038050000001,18.0737984,0.0,eduroam,False,-77.375
36392,59.3503772,18.0738795,0.0,eduroam,False,-78.25
36421,59.3503779,18.073961899999997,0.0,eduroam,False,-80.42857142857143
36446,59.3497583,18.0755829,59.0,eduroam,False,-83.26923076923077
36456,59.3502924,18.0749343,0.0,eduroam,False,-88.0
36461,59.349006,18.0757336,70.0,eduroam,False,-86.0
36470,59.3489093,18.0753444,0.0,eduroam,False,-86.25
36479,59.3491816,18.0756633,65.0,eduroam,False,-83.33333333333333
36487,59.3491532,18.075575600000004,0.0,eduroam,False,-82.0
36513,59.34902679999999,18.0751869,54.0,eduroam,False,-72.0
36525,59.3487851,18.075229399999998,66.0,eduroam,False,-80.4
36575,59.348887100000006,18.0752461,0.0,eduroam,False,-87.58333333333333
36625,59.3487698,18.074921,59.0,eduroam,False,-87.36363636363636
36670,59.3485509,18.0746503,55.0,eduroam,False,-84.5
36736,59.348668200000006,18.0743015,52.0,eduroam,False,-82.17647058823529
36821,59.348574,18.0739315,52.0,eduroam,False,-86.12
36934,59.34858929999999,18.0736093,57.0,eduroam,False,-84.5
36991,59.3484782,18.0735457,66.0,eduroam,False,-85.44444444444444
37070,59.3482968,18.073498899999997,64.0,eduroam,False,-84.07142857142857
37111,59.348186899999995,18.0734723,65.0,eduroam,False,-84.66666666666667
37152,59.3480573,18.073269,65.0,eduroam,False,-84.95238095238095
37206,59.3479239,18.073092300000003,67.0,eduroam,False,-81.55
37262,59.34772589999999,18.0729581,73.0,eduroam,False,-84.95
37332,59.347575199999994,18.072851699999998,72.0,eduroam,False,-82.6086956521739
37403,59.34747420000001,18.0728689,73.0,eduroam,False,-80.1304347826087
37475,59.3473869,18.072646600000002,71.0,eduroam,False,-80.8695652173913
37541,59.3473002,18.072364800000003,0.0,eduroam,False,-83.9375
37589,59.3473238,18.072584600000003,0.0,eduroam,False,-84.0
37628,59.3472904,18.0725366,0.0,eduroam,False,-83.36363636363636
37672,59.34727049999999,18.072508300000003,0.0,eduroam,False,-82.5
37719,59.3472566,18.0724865,0.0,eduroam,False,-86.875
37763,59.3472463,18.0724764,0.0,eduroam,False,-88.16666666666667
37794,59.3467743,18.0723491,57.0,eduroam,False,-87.33333333333333
37827,59.3466954,18.0723823,59.0,eduroam,False,-86.16666666666667
37863,59.3466433,18.0724502,56.0,eduroam,False,-86.75
37896,59.3465809,18.072260999999997,56.0,eduroam,False,-89.33333333333333
37950,59.34600770000001,18.071473,50.0,eduroam,False,-88.5
38103,59.3457885,18.071662699999997,0.0,eduroam,False,-91.0
38117,59.346566599999996,18.071930899999998,47.0,eduroam,False,-87.75
38140,59.3467179,18.0718972,54.0,eduroam,False,-87.83333333333333
38173,59.3466912,18.0717948,0.0,eduroam,False,-88.16666666666667
38204,59.34673299999999,18.071754100000003,0.0,eduroam,False,-89.4
38230,59.3467708,18.0717068,0.0,eduroam,False,-90.4
38251,59.3468152,18.071659399999998,0.0,eduroam,False,-84.42857142857143
38277,59.3468998,18.071546899999998,0.0,eduroam,False,-85.9
38319,59.346903299999994,18.071542899999997,0.0,eduroam,False,-84.89473684210526
38372,59.34691039999999,18.071535,0.0,eduroam,False,-85.82608695652173
38430,59.34692140000001,18.071528,0.0,eduroam,False,-88.38888888888889
38485,59.3478527,18.070536899999997,61.0,eduroam,False,-88.70588235294117
38535,59.347986,18.0703787,72.0,eduroam,False,-86.94444444444444
38586,59.3482846,18.0699073,0.0,eduroam,False,-85.18181818181819
38638,59.348283200000004,18.0698043,0.0,eduroam,False,-84.86666666666666
38705,59.3482956,18.0698813,0.0,eduroam,False,-84.92857142857143
38764,59.348303099999995,18.0699266,0.0,eduroam,False,-86.76923076923077
38816,59.348308900000006,18.069952,0.0,eduroam,False,-83.42857142857143
38858,59.3483002,18.0699929,0.0,eduroam,False,-86.72727272727273
38906,59.349107,18.0696933,68.0,eduroam,False,-88.0
38953,59.349237699999996,18.069547600000003,74.0,eduroam,False,-88.4375
39001,59.3499373,18.0666172,0.0,eduroam,False,-75.71428571428571
39054,59.349926399999994,18.0666542,0.0,eduroam,False,-76.23809523809524
39107,59.349927,18.066560600000003,0.0,eduroam,False,-74.57142857142857
39155,59.3498818,18.066504199999997,0.0,eduroam,False,-77.07692307692308
39195,59.3498365,18.066575399999998,0.0,eduroam,False,-84.33333333333333
39218,59.349838500000004,18.0665,0.0,eduroam,False,-84.66666666666667
39260,59.3496645,18.066575,11.0,eduroam,False,-86.28571428571429
39300,59.349880299999995,18.066403,0.0,eduroam,False,-83.8
39318,59.34986070000001,18.0664524,0.0,eduroam,False,-80.88888888888889
39344,59.350008200000005,18.066715,0.0,eduroam,False,-81.33333333333333
39376,59.350040799999995,18.066732199999997,0.0,eduroam,False,-84.0
39401,59.350031200000004,18.0667287,0.0,eduroam,False,-82.0
39423,59.350035,18.0666973,0.0,eduroam,False,-79.0
39449,59.350056,18.066722600000002,0.0,eduroam,False,-77.0
39467,59.3501422,18.0669002,0.0,eduroam,False,-80.25
39485,59.3476235,18.0704544,63.0,eduroam,False,-81.3
39562,59.347606999999996,18.070479199999998,60.0,eduroam,False,-83.25
39617,59.3471655,18.071236399999997,0.0,eduroam,False,-84.33333333333333
39641,59.3471532,18.071240799999998,0.0,eduroam,False,-84.57142857142857
39686,59.3470675,18.071358,0.0,eduroam,False,-84.0
39713,59.3469843,18.0712065,56.0,eduroam,False,-83.125
39741,59.347102799999995,18.0712873,0.0,eduroam,False,-81.5
39785,59.346956799999994,18.0733991,59.0,eduroam,False,-83.05555555555556
39843,59.347097700000006,18.0735639,59.0,eduroam,False,-85.35714285714286
39892,59.3472059,18.0736403,61.0,eduroam,False,-86.07142857142857
39938,59.34733129999999,18.0737259,63.0,eduroam,False,-85.6
39985,59.347452399999995,18.0736942,65.0,eduroam,False,-86.75
40028,59.3475218,18.0738634,66.0,eduroam,False,-86.73333333333333
40073,59.347626500000004,18.0739443,66.0,eduroam,False,-84.92307692307692
40120,59.3477371,18.074013,69.0,eduroam,False,-83.47619047619048
40228,59.346100899999996,18.071674800000004,0.0,eduroam,False,-89.5
40260,59.346112399999996,18.071638699999998,0.0,eduroam,False,-89.4
40339,59.346259100000005,18.071876500000002,69.0,eduroam,False,-91.0
40356,59.3463365,18.0719909,77.0,eduroam,False,-90.0
40393,59.3465372,18.071998100000002,76.0,eduroam,False,-88.5
40429,59.3466353,18.0721219,74.0,eduroam,False,-86.7
40503,59.34667170000001,18.071976199999998,72.0,eduroam,False,-85.8
40554,59.3469631,18.0716482,76.0,eduroam,False,-87.25
40595,59.3471228,18.071565600000003,83.0,eduroam,False,-79.36363636363636
40645,59.347297,18.071503,91.0,eduroam,False,-82.75
40682,59.34750749999999,18.0713232,97.0,eduroam,False,-84.57142857142857
40728,59.3476911,18.0711108,90.0,eduroam,False,-84.33333333333333
40790,59.3477774,18.0708645,86.0,eduroam,False,-83.8
40851,59.34779720000001,18.0706775,70.0,eduroam,False,-86.83333333333333
40910,59.3479876,18.070539899999996,84.0,eduroam,False,-88.11111111111111
40979,59.34817660000001,18.0704026,84.0,eduroam,False,-87.6
41018,59.3482509,18.07021,73.0,eduroam,False,-83.5
41065,59.3481606,18.0703732,0.0,eduroam,False,-84.47058823529412
41142,59.348555000000005,18.070181100000003,81.0,eduroam,False,-85.0625
41208,59.348690399999995,18.0701577,83.0,eduroam,False,-81.63636363636364
41258,59.3487603,18.069973899999997,71.0,eduroam,False,-83.625
41294,59.348857900000006,18.0699285,72.0,eduroam,False,-87.7
41339,59.3488956,18.0697383,58.0,eduroam,False,-87.54545454545455
41371,59.348967599999995,18.0694038,55.0,eduroam,False,-88.375
41424,59.34949350000001,18.0691118,77.0,eduroam,False,-89.46666666666667
41492,59.34956700000001,18.0684327,73.0,eduroam,False,-85.2
41516,59.3495588,18.068264499999998,69.0,eduroam,False,-86.16666666666667
41536,59.350174100000004,18.0669825,81.0,eduroam,False,-83.46666666666667
41591,59.3501522,18.066997600000004,82.0,eduroam,False,-79.61538461538461
41632,59.349982499999996,18.066780899999998,0.0,eduroam,False,-76.76470588235294
41687,59.3499718,18.066761899999996,0.0,eduroam,False,-72.85714285714286
41731,59.35014399999999,18.0669891,83.0,eduroam,False,-79.05263157894737
41784,59.350148700000005,18.0663081,0.0,eduroam,False,-78.86363636363636
41833,59.35013860000001,18.066231600000002,0.0,eduroam,False,-75.0
41866,59.34995,18.066398899999996,0.0,eduroam,False,-79.4
41881,59.349925899999995,18.0664102,0.0,eduroam,False,-77.0
41897,59.349888199999995,18.0664235,0.0,eduroam,False,-80.33333333333333
41922,59.349886700000006,18.0664329,0.0,eduroam,False,-85.33333333333333
41946,59.34989300000001,18.066470300000002,0.0,eduroam,False,-83.85714285714286
41971,59.3498966,18.0664777,0.0,eduroam,False,-84.66666666666667
41991,59.3498902,18.0664923,0.0,eduroam,False,-85.8
42008,59.349896799999996,18.0665004,0.0,eduroam,False,-85.14285714285714
42028,59.3498922,18.0664841,0.0,eduroam,False,-84.8
42046,59.3498858,18.0664767,0.0,eduroam,False,-84.75
42062,59.349887,18.0664798,0.0,eduroam,False,-84.4
42079,59.349888899999996,18.0664768,0.0,eduroam,False,-84.14285714285714
42103,59.3498848,18.0664739,0.0,eduroam,False,-85.625
42125,59.34995210000001,18.066753600000002,99.0,eduroam,False,-83.5
42145,59.3498995,18.066571399999997,0.0,eduroam,False,-82.6
42167,59.34988539999999,18.066526,0.0,eduroam,False,-83.6
42191,59.3499488,18.066748699999998,99.0,eduroam,False,-85.28571428571429
42248,59.345892799999994,18.0715367,0.0,eduroam,False,-92.0
42274,59.346026,18.0718025,60.0,eduroam,False,-87.33333333333333
42304,59.346096900000006,18.0718581,77.0,eduroam,False,-86.25
42333,59.3463295,18.071928500000002,44.0,eduroam,False,-85.33333333333333
42411,59.34650129999999,18.0718876,47.0,eduroam,False,-84.5
42449,59.3465549,18.072035699999997,50.0,eduroam,False,-85.42857142857143
42487,59.3465978,18.071972600000002,63.0,eduroam,False,-86.71428571428571
42526,59.3465829,18.0719032,62.0,eduroam,False,-88.1
42566,59.3466096,18.072320899999998,68.0,eduroam,False,-85.66666666666667
42612,59.3465986,18.072613,70.0,eduroam,False,-85.08333333333333
42659,59.3466853,18.0729474,70.0,eduroam,False,-85.88888888888889
42705,59.346667000000004,18.0731789,63.0,eduroam,False,-81.71428571428571
42744,59.3467889,18.0734473,62.0,eduroam,False,-84.0909090909091
42779,59.3468589,18.0735109,60.0,eduroam,False,-80.9
42806,59.34674720000001,18.0734379,59.0,eduroam,False,-80.75
42828,59.346810399999995,18.073528500000002,60.0,eduroam,False,-83.05405405405405
42943,59.346830000000004,18.0736402,0.0,eduroam,False,-75.47058823529412
42998,59.34674079999999,18.074063199999998,0.0,eduroam,False,-77.96428571428571
43047,59.347232999999996,18.0741509,64.0,eduroam,False,-80.1
43116,59.3471172,18.0746409,0.0,eduroam,False,-78.77777777777777
43143,59.3473377,18.0744006,58.0,eduroam,False,-83.91666666666667
43183,59.3475395,18.0738266,66.0,eduroam,False,-87.22222222222223
43233,59.3476174,18.073618399999997,66.0,eduroam,False,-86.0952380952381
43288,59.347758299999995,18.0735264,66.0,eduroam,False,-85.94736842105263
43351,59.347860600000004,18.0734674,68.0,eduroam,False,-84.21428571428571
43453,59.347803500000005,18.0734,64.0,eduroam,False,-81.78947368421052
43506,59.348021900000006,18.073393300000003,68.0,eduroam,False,-81.88
43588,59.3480216,18.0733363,68.0,eduroam,False,-83.14285714285714
43643,59.34810279999999,18.0733836,0.0,eduroam,False,-81.71428571428571
43663,59.3480944,18.0733962,0.0,eduroam,False,-85.5
43694,59.348115500000006,18.073391,68.0,eduroam,False,-83.84615384615384
43735,59.348305200000006,18.0735503,73.0,eduroam,False,-81.9
43786,59.3487822,18.072945,66.0,eduroam,False,-82.83333333333333
43856,59.348999600000006,18.072784,62.0,eduroam,False,-83.81818181818181
43918,59.3494794,18.072089899999998,88.0,eduroam,False,-84.33333333333333
43949,59.34962339999999,18.0720777,80.0,eduroam,False,-85.25
43977,59.349716599999994,18.071894699999998,75.0,eduroam,False,-84.14285714285714
43999,59.3497246,18.0716146,73.0,eduroam,False,-86.4
44021,59.349771,18.071348999999998,69.0,eduroam,False,-87.06666666666666
44091,59.349733900000004,18.071039499999998,69.0,eduroam,False,-77.75
44118,59.34981020000001,18.0708332,73.0,eduroam,False,-83.125
44157,59.34978420000001,18.0706911,66.0,eduroam,False,-86.63636363636364
44208,59.3498162,18.0707373,73.0,eduroam,False,-82.44444444444444
44232,59.349802600000004,18.070574899999997,72.0,eduroam,False,-80.46666666666667
44269,59.3498165,18.0707009,0.0,eduroam,False,-77.5
44289,59.3498005,18.0707178,0.0,eduroam,False,-83.83333333333333
44305,59.3496905,18.0706839,70.0,eduroam,False,-87.33333333333333
44328,59.3497025,18.070750600000004,0.0,eduroam,False,-87.88888888888889
44361,59.3496341,18.0701492,60.0,eduroam,False,-86.42857142857143
44400,59.349828,18.070085100000004,60.0,eduroam,False,-81.875
44448,59.350047399999994,18.070100399999998,60.0,eduroam,False,-82.81818181818181
44513,59.35020060000001,18.0700876,58.0,eduroam,False,-82.94444444444444
44569,59.3502978,18.0699315,65.0,eduroam,False,-87.04545454545455
44623,59.3500879,18.0698039,67.0,eduroam,False,-83.42424242424242
44725,59.350040299999996,18.0695793,64.0,eduroam,False,-84.77777777777777
44890,59.350024499999996,18.069697100000003,62.0,eduroam,False,-84.38461538461539
44999,59.3500427,18.0697378,67.0,eduroam,False,-82.41176470588235
45055,59.349946200000005,18.069720699999998,66.0,eduroam,False,-84.04761904761905
45107,59.34979620000001,18.069774600000002,66.0,eduroam,False,-85.5
45150,59.349942799999994,18.069990100000002,0.0,eduroam,False,-83.22222222222223
45173,59.349914399999996,18.0699662,0.0,eduroam,False,-84.0
45204,59.349865799999996,18.0689703,62.0,eduroam,False,-79.4
45239,59.3500084,18.068813199999997,66.0,eduroam,False,-80.16666666666667
45275,59.35015920000001,18.0686935,78.0,eduroam,False,-86.66666666666667
45311,59.350287699999996,18.0684721,75.0,eduroam,False,-87.83333333333333
45363,59.350421,18.0683182,64.0,eduroam,False,-84.85714285714286
45437,59.3504879,18.068160199999998,69.0,eduroam,False,-83.75
45645,59.350472399999994,18.066941399999997,47.0,eduroam,False,-88.0
45693,59.3503791,18.066709200000002,47.0,eduroam,False,-86.75
45723,59.350107900000005,18.0661005,60.0,eduroam,False,-80.27272727272727
45782,59.350207700000006,18.0661875,0.0,eduroam,False,-83.16666666666667
45801,59.3501266,18.066317,0.0,eduroam,False,-81.625
45888,59.346459499999995,18.0719706,47.0,eduroam,False,-85.125
45926,59.3465392,18.0722458,47.0,eduroam,False,-82.7
45972,59.3466167,18.0724991,51.0,eduroam,False,-85.5625
46026,59.346630299999994,18.0727822,47.0,eduroam,False,-87.125
46074,59.3466338,18.073048800000002,43.0,eduroam,False,-87.8125
46116,59.346706299999994,18.0731228,41.0,eduroam,False,-86.8125
46159,59.346900500000004,18.073299300000002,38.0,eduroam,False,-85.0625
46204,59.3469964,18.0734142,47.0,eduroam,False,-87.05555555555556
46246,59.34720600000001,18.0735569,62.0,eduroam,False,-84.77777777777777
46284,59.3473123,18.0736753,61.0,eduroam,False,-89.6
46315,59.3474657,18.0736837,65.0,eduroam,False,-86.08333333333333
46347,59.3475365,18.0738406,64.0,eduroam,False,-85.66666666666667
46382,59.34759449999999,18.073894199999998,65.0,eduroam,False,-87.16666666666667
46415,59.3476939,18.0740051,71.0,eduroam,False,-87.91666666666667
46448,59.3477569,18.074070300000002,69.0,eduroam,False,-86.22222222222223
46479,59.3478566,18.074137399999998,64.0,eduroam,False,-87.28571428571429
46521,59.347956599999996,18.0742161,67.0,eduroam,False,-85.22222222222223
46566,59.34779,18.074614,61.0,eduroam,False,-79.4
46590,59.3479799,18.0746173,0.0,eduroam,False,-72.8
46619,59.3479576,18.0745706,0.0,eduroam,False,-83.0
46630,59.34796850000001,18.0745833,0.0,eduroam,False,-86.0
46654,59.347901199999995,18.0744213,63.0,eduroam,False,-83.33333333333333
46689,59.34796239999999,18.074327399999998,0.0,eduroam,False,-83.9090909090909
46737,59.3479655,18.074295499999998,0.0,eduroam,False,-84.13333333333334
46786,59.348180500000005,18.073731100000003,68.0,eduroam,False,-84.1
46818,59.3482184,18.0735828,63.0,eduroam,False,-87.44444444444444
46849,59.348295400000005,18.073491,65.0,eduroam,False,-83.88888888888889
46880,59.3484106,18.073477399999998,65.0,eduroam,False,-81.125
46916,59.348660200000005,18.0734384,58.0,eduroam,False,-81.55555555555556
46963,59.3488129,18.0734068,60.0,eduroam,False,-84.16666666666667
47005,59.348713399999994,18.0729823,0.0,eduroam,False,-83.3
47053,59.3488881,18.0729988,0.0,eduroam,False,-83.0
47091,59.3489546,18.073000399999998,0.0,eduroam,False,-84.23076923076923
47129,59.3489067,18.0728979,0.0,eduroam,False,-84.1
47165,59.348903500000006,18.0728938,0.0,eduroam,False,-81.88888888888889
47200,59.349365,18.0734508,55.0,eduroam,False,-82.8125
47237,59.3487899,18.0726741,0.0,eduroam,False,-80.2
47269,59.3487925,18.0727213,0.0,eduroam,False,-87.9
47300,59.34931039999999,18.073235399999998,56.0,eduroam,False,-85.6
47338,59.3493615,18.0729287,54.0,eduroam,False,-87.0
47365,59.3493863,18.072644399999998,52.0,eduroam,False,-84.0
47383,59.349247899999995,18.071505300000002,62.0,eduroam,False,-79.25
47421,59.3491595,18.070633800000003,57.0,eduroam,False,-90.0
47440,59.3491814,18.0703973,52.0,eduroam,False,-91.57142857142857
47470,59.349268099999996,18.0701947,50.0,eduroam,False,-90.63636363636364
47512,59.349416399999996,18.0700577,51.0,eduroam,False,-87.22222222222223
47553,59.349489,18.0691595,54.0,eduroam,False,-86.85714285714286
47589,59.349453000000004,18.068587100000002,66.0,eduroam,False,-90.0
47622,59.349628700000004,18.0689264,0.0,eduroam,False,-90.0
47627,59.349549800000005,18.068055100000002,61.0,eduroam,False,-85.28571428571429
47648,59.3499181,18.0671285,58.0,eduroam,False,-87.06666666666666
47704,59.3498454,18.0668283,60.0,eduroam,False,-85.375
47739,59.349787199999994,18.0665583,63.0,eduroam,False,-86.0
47773,59.3498764,18.0665573,0.0,eduroam,False,-80.76923076923077
47815,59.349858700000006,18.066597100000003,0.0,eduroam,False,-79.3529411764706
47854,59.3498603,18.066631899999997,0.0,eduroam,False,-82.0
47899,59.3498397,18.066323399999998,0.0,eduroam,False,-85.71428571428571
47919,59.349832400000004,18.0663386,0.0,eduroam,False,-81.25
47936,59.3498379,18.0663199,0.0,eduroam,False,-80.66666666666667
47955,59.349835899999995,18.0663147,0.0,eduroam,False,-80.9090909090909
47987,59.34822420000001,18.0698576,0.0,eduroam,False,-88.11111111111111
48033,59.3482051,18.069851,0.0,eduroam,False,-87.0
48074,59.348223899999994,18.0699949,0.0,eduroam,False,-85.0
48110,59.348216,18.069982100000004,0.0,eduroam,False,-84.9
48154,59.34825849999999,18.0697814,0.0,eduroam,False,-84.0
48207,59.3478122,18.0708251,85.0,eduroam,False,-83.64285714285714
48260,59.3473203,18.0713544,65.0,eduroam,False,-80.85714285714286
48291,59.347142500000004,18.0713807,56.0,eduroam,False,-81.0
48319,59.3470029,18.0715206,62.0,eduroam,False,-87.0
48351,59.346884499999994,18.0716833,57.0,eduroam,False,-89.16666666666667
48378,59.3467521,18.071877899999997,53.0,eduroam,False,-90.75
48419,59.3466165,18.0720147,50.0,eduroam,False,-89.27272727272727
48504,59.34643520000001,18.0718784,44.0,eduroam,False,-83.5
48544,59.346236,18.071844100000003,50.0,eduroam,False,-89.5
48582,59.34607239999999,18.0716789,51.0,eduroam,False,-88.75
48617,59.34600079999999,18.0715022,43.0,eduroam,False,-88.66666666666667
49503,59.344013000000004,18.0703591,39.0,eduroam,False,-90.0
49543,59.344243000000006,18.0705125,36.0,eduroam,False,-90.0
49735,59.344890799999995,18.071272,52.0,eduroam,False,-94.0
49766,59.345068700000006,18.071314899999997,54.0,eduroam,False,-94.0
49929,59.34606899999999,18.0716293,49.0,eduroam,False,-88.5
49948,59.34606070000001,18.0716072,52.0,eduroam,False,-89.0
49957,59.348388899999996,18.0723366,0.0,eduroam,False,-85.64285714285714
49999,59.3482524,18.073124399999998,70.0,eduroam,False,-84.70588235294117
50045,59.34823860000001,18.0733055,65.0,eduroam,False,-84.33333333333333
50131,59.348237100000006,18.0737717,59.0,eduroam,False,-80.875
50172,59.348503099999995,18.0743158,0.0,eduroam,False,-78.11538461538461
50283,59.34846429999999,18.0743387,0.0,eduroam,False,-74.06666666666666
50359,59.348302399999994,18.0743646,70.0,eduroam,False,-72.96428571428571
50513,59.34851020000001,18.0745212,0.0,eduroam,False,-70.54545454545455
50569,59.348505200000005,18.0742737,0.0,eduroam,False,-73.75
50624,59.3485571,18.074146799999998,57.0,eduroam,False,-73.12
50742,59.34854870000001,18.0744771,0.0,eduroam,False,-72.91666666666667
50789,59.3485538,18.0744604,0.0,eduroam,False,-73.58333333333333
50843,59.34855279999999,18.074444699999997,0.0,eduroam,False,-74.46153846153847
50898,59.3485483,18.074447,0.0,eduroam,False,-75.35714285714286
50947,59.3485569,18.0745018,0.0,eduroam,False,-73.84615384615384
51006,59.348562300000005,18.0741951,57.0,eduroam,False,-72.18181818181819
51063,59.348563500000004,18.0742036,58.0,eduroam,False,-74.65384615384616
51175,59.3485489,18.074412699999996,0.0,eduroam,False,-76.15384615384616
51232,59.3485588,18.0744666,0.0,eduroam,False,-74.16666666666667
51280,59.3485567,18.0744853,0.0,eduroam,False,-72.45454545454545
51340,59.3485527,18.074488199999998,0.0,eduroam,False,-74.0
51404,59.34854789999999,18.0743582,0.0,eduroam,False,-72.83333333333333
51459,59.3485336,18.0746277,0.0,eduroam,False,-74.12
51517,59.3485544,18.0744954,0.0,eduroam,False,-74.46153846153847
51571,59.348558600000004,18.0744605,0.0,eduroam,False,-74.42857142857143
51624,59.348552100000006,18.0744194,0.0,eduroam,False,-73.91666666666667
51688,59.3485024,18.074537600000003,0.0,eduroam,False,-74.28571428571429
51753,59.348474200000005,18.0745948,0.0,eduroam,False,-78.75
51821,59.34845179999999,18.0744888,0.0,eduroam,False,-74.0
51886,59.34855699999999,18.0744051,0.0,eduroam,False,-76.75
51955,59.348522499999994,18.0742357,0.0,eduroam,False,-75.86666666666666
52021,59.3484829,18.074326899999996,0.0,eduroam,False,-76.33333333333333
52087,59.34872729999999,18.0746397,63.0,eduroam,False,-76.27586206896552
52226,59.3485441,18.0743161,0.0,eduroam,False,-74.71428571428571
52290,59.3485675,18.0741006,0.0,eduroam,False,-77.07142857142857
52352,59.348459899999995,18.0744358,0.0,eduroam,False,-77.06666666666666
52415,59.3484364,18.0742913,0.0,eduroam,False,-76.14285714285714
52466,59.3485618,18.0740509,60.0,eduroam,False,-82.9
52504,59.3485206,18.0739106,58.0,eduroam,False,-83.0
52535,59.34853879999999,18.0740147,58.0,eduroam,False,-87.625
52597,59.3483304,18.074412300000002,0.0,eduroam,False,-85.25
52622,59.34832120000001,18.074368300000003,0.0,eduroam,False,-84.5
52654,59.3483116,18.0743663,0.0,eduroam,False,-85.8
52689,59.348322499999995,18.0743836,0.0,eduroam,False,-81.0
52723,59.3483206,18.0744389,0.0,eduroam,False,-92.0
52743,59.348545200000004,18.0740147,59.0,eduroam,False,-87.5
52769,59.3485465,18.0740193,58.0,eduroam,False,-79.54545454545455
52834,59.3483285,18.074306699999998,0.0,eduroam,False,-79.83333333333333
52869,59.348574600000006,18.074189399999998,0.0,eduroam,False,-81.06666666666666
52934,59.3486074,18.0743273,68.0,eduroam,False,-82.28571428571429
53003,59.3483782,18.0738707,0.0,eduroam,False,-85.16666666666667
53059,59.3482894,18.0740207,78.0,eduroam,False,-84.0909090909091
53144,59.3485196,18.074197,70.0,eduroam,False,-79.46875
53280,59.348462100000006,18.074479800000002,0.0,eduroam,False,-74.86666666666666
53337,59.348523,18.074331899999997,0.0,eduroam,False,-74.86666666666666
53394,59.348540500000006,18.0743359,0.0,eduroam,False,-75.53846153846153
53451,59.3485415,18.074374399999996,0.0,eduroam,False,-76.16666666666667
53498,59.3485416,18.074288100000004,0.0,eduroam,False,-75.32
53548,59.348548,18.074435600000005,0.0,eduroam,False,-75.0
53598,59.3485391,18.074391199999997,0.0,eduroam,False,-75.23076923076923
53649,59.3485432,18.074279500000003,0.0,eduroam,False,-76.72727272727273
53700,59.348545400000006,18.0742958,0.0,eduroam,False,-75.08333333333333
53750,59.3485576,18.074469699999998,0.0,eduroam,False,-75.53846153846153
53797,59.348537199999996,18.0742989,0.0,eduroam,False,-75.91666666666667
53841,59.3485358,18.0743152,0.0,eduroam,False,-72.45454545454545
53883,59.3485272,18.074432100000003,0.0,eduroam,False,-73.81818181818181
53930,59.3485289,18.074426000000003,0.0,eduroam,False,-76.34615384615384
54035,59.3485412,18.0743851,0.0,eduroam,False,-74.41666666666667
54086,59.348552000000005,18.0745593,0.0,eduroam,False,-76.07692307692308
54137,59.34855039999999,18.074437600000003,0.0,eduroam,False,-76.0
54187,59.3485463,18.0743035,0.0,eduroam,False,-75.85714285714286
54236,59.348729500000005,18.0743984,70.0,eduroam,False,-75.12
54340,59.348544700000005,18.0743633,0.0,eduroam,False,-74.75
54388,59.348535399999996,18.0742486,0.0,eduroam,False,-71.81818181818181
54437,59.3485416,18.0743028,0.0,eduroam,False,-75.32
54487,59.3485336,18.0743535,0.0,eduroam,False,-74.12
54536,59.348719700000004,18.0745608,70.0,eduroam,False,-75.15789473684211
54693,59.3485443,18.0743633,0.0,eduroam,False,-75.66666666666667
54747,59.34853149999999,18.074336600000002,0.0,eduroam,False,-77.21428571428571
54798,59.3485402,18.0742874,0.0,eduroam,False,-75.92307692307692
54849,59.348547100000005,18.0743702,0.0,eduroam,False,-73.63636363636364
54900,59.348545900000005,18.0745078,0.0,eduroam,False,-74.76923076923077
54951,59.348540899999996,18.0743197,0.0,eduroam,False,-75.42857142857143
55016,59.349762899999995,18.06643,0.0,eduroam,False,-80.25
55041,59.349757200000006,18.0664642,0.0,eduroam,False,-82.26666666666667
55078,59.3497468,18.0664207,0.0,eduroam,False,-79.14285714285714
55115,59.349757999999994,18.0663983,0.0,eduroam,False,-77.4
55151,59.349752,18.066411399999996,0.0,eduroam,False,-74.91666666666667
55182,59.3497608,18.0663288,0.0,eduroam,False,-70.72727272727273
55214,59.34976089999999,18.066303100000003,0.0,eduroam,False,-72.92857142857143
55266,59.349693200000004,18.066289899999997,0.0,eduroam,False,-74.85714285714286
55289,59.34970870000001,18.0663386,0.0,eduroam,False,-72.5
55312,59.3496666,18.066273199999998,0.0,eduroam,False,-76.6
55344,59.3496621,18.0662798,0.0,eduroam,False,-79.66666666666667
55370,59.3495989,18.0662492,0.0,eduroam,False,-78.66666666666667
55416,59.349641399999996,18.0662556,0.0,eduroam,False,-73.28571428571429
55440,59.349613,18.066245199999997,0.0,eduroam,False,-76.28571428571429
55457,59.3495608,18.066257399999998,0.0,eduroam,False,-80.33333333333333
55476,59.34959820000001,18.066319500000002,0.0,eduroam,False,-78.46666666666667
55518,59.3495702,18.0663841,0.0,eduroam,False,-79.5
55536,59.349586800000004,18.066351100000002,0.0,eduroam,False,-75.0
55553,59.349574200000006,18.066384399999997,0.0,eduroam,False,-72.25
55566,59.3495619,18.066341100000002,0.0,eduroam,False,-73.2
55584,59.3495845,18.066262899999998,0.0,eduroam,False,-86.0
55595,59.3495853,18.0663687,0.0,eduroam,False,-80.75
55607,59.3499479,18.066270899999996,48.0,eduroam,False,-78.55555555555556
55636,59.349571600000004,18.0664318,0.0,eduroam,False,-74.33333333333333
55649,59.349560600000004,18.0662521,0.0,eduroam,False,-72.33333333333333
55663,59.349559400000004,18.0662222,0.0,eduroam,False,-74.16666666666667
55680,59.3495843,18.066237,0.0,eduroam,False,-73.71428571428571
55703,59.3495784,18.0661838,0.0,eduroam,False,-77.44444444444444
55736,59.3496316,18.0661543,0.0,eduroam,False,-77.42857142857143
55765,59.349405299999994,18.066674300000003,62.0,eduroam,False,-84.42857142857143
55784,59.3494683,18.066825100000003,55.0,eduroam,False,-83.66666666666667
55817,59.3495509,18.0670165,53.0,eduroam,False,-80.77777777777777
55848,59.3496647,18.0672889,59.0,eduroam,False,-77.125
55873,59.349843500000006,18.0674508,52.0,eduroam,False,-71.0
55899,59.349819999999994,18.0663867,0.0,eduroam,False,-84.14285714285714
55921,59.3498345,18.0664013,0.0,eduroam,False,-82.4
55938,59.3498428,18.0663138,0.0,eduroam,False,-79.5
55954,59.3499105,18.0664224,0.0,eduroam,False,-81.0
55981,59.3499081,18.0665057,0.0,eduroam,False,-76.91666666666667
56024,59.350118200000004,18.0668086,0.0,eduroam,False,-78.0
56046,59.3501324,18.0667836,0.0,eduroam,False,-82.875
56101,59.3499938,18.0666163,0.0,eduroam,False,-82.0
56140,59.346339799999996,18.0720862,51.0,eduroam,False,-83.75
56195,59.3465343,18.0724445,43.0,eduroam,False,-84.83333333333333
56254,59.346668900000004,18.072826199999998,52.0,eduroam,False,-84.84615384615384
56318,59.346721900000006,18.0731513,48.0,eduroam,False,-88.33333333333333
56365,59.3467914,18.0732612,52.0,eduroam,False,-87.22222222222223
56424,59.3469206,18.0733332,53.0,eduroam,False,-81.83561643835617
56657,59.346604799999994,18.073744,60.0,eduroam,False,-79.80555555555556
56780,59.3467485,18.073741199999997,0.0,eduroam,False,-79.0
56829,59.3467459,18.0737552,0.0,eduroam,False,-78.0
56884,59.346703299999994,18.0741066,0.0,eduroam,False,-75.9375
56933,59.3467246,18.0737753,0.0,eduroam,False,-77.5
56997,59.3467228,18.073721799999998,0.0,eduroam,False,-81.31818181818181
57057,59.346734700000006,18.073714600000002,0.0,eduroam,False,-82.73684210526316
57117,59.34673860000001,18.073608800000002,0.0,eduroam,False,-83.05882352941177
57176,59.346728500000005,18.0735374,0.0,eduroam,False,-83.0625
57222,59.3469595,18.073718399999997,0.0,eduroam,False,-86.07692307692308
57260,59.34679860000001,18.0736665,0.0,eduroam,False,-87.08333333333333
57298,59.346622100000005,18.0734825,61.0,eduroam,False,-83.92307692307692
57335,59.34678100000001,18.0740805,66.0,eduroam,False,-78.45454545454545
57381,59.346852500000004,18.0739637,54.0,eduroam,False,-76.22222222222223
57418,59.346851199999996,18.0739564,55.0,eduroam,False,-81.1875
57521,59.3466907,18.073655600000002,0.0,eduroam,False,-84.5
57567,59.346710800000004,18.0736001,0.0,eduroam,False,-83.11764705882354
57611,59.34674079999999,18.0736237,0.0,eduroam,False,-77.96428571428571
57644,59.34708739999999,18.0737117,59.0,eduroam,False,-84.61538461538461
57677,59.347258999999994,18.073429100000002,65.0,eduroam,False,-84.88235294117646
57719,59.34734470000001,18.0731581,62.0,eduroam,False,-83.95238095238095
57777,59.34749,18.073259600000004,61.0,eduroam,False,-88.0
57832,59.3476558,18.0734113,60.0,eduroam,False,-87.7
57886,59.3478299,18.0735134,57.0,eduroam,False,-82.62264150943396
57998,59.3478931,18.073283399999998,64.0,eduroam,False,-78.55555555555556
58058,59.347879799999994,18.0731061,61.0,eduroam,False,-78.14285714285714
58151,59.3477407,18.0731003,0.0,eduroam,False,-77.1923076923077
58245,59.3477755,18.0731168,0.0,eduroam,False,-79.125
58295,59.3477654,18.0730733,0.0,eduroam,False,-78.93333333333334
58338,59.34776479999999,18.073091199999997,0.0,eduroam,False,-76.71428571428571
58395,59.347766099999994,18.0730837,0.0,eduroam,False,-77.7
58455,59.3478407,18.0729929,0.0,eduroam,False,-77.8
58516,59.34792579999999,18.0724724,0.0,eduroam,False,-80.20833333333333
58580,59.3479203,18.072506699999998,0.0,eduroam,False,-79.33333333333333
58638,59.3477943,18.0726523,0.0,eduroam,False,-74.6
58695,59.34782270000001,18.072982,0.0,eduroam,False,-73.13333333333334
58749,59.3478299,18.073059,0.0,eduroam,False,-82.62264150943396
58791,59.34779820000001,18.0731206,0.0,eduroam,False,-79.13333333333334
58833,59.347806799999994,18.0731537,0.0,eduroam,False,-74.85714285714286
58880,59.347812,18.073163,0.0,eduroam,False,-77.5
58939,59.348830500000005,18.072567499999998,70.0,eduroam,False,-84.375
59013,59.3486951,18.072446799999998,69.0,eduroam,False,-82.81818181818181
59066,59.3485149,18.0723936,63.0,eduroam,False,-84.75
59122,59.3483255,18.072368,71.0,eduroam,False,-87.3125
59163,59.348178000000004,18.0720869,84.0,eduroam,False,-86.92857142857143
59195,59.3483156,18.071691100000002,58.0,eduroam,False,-86.52173913043478
59220,59.3485994,18.0715527,58.0,eduroam,False,-82.66666666666667
59252,59.3488799,18.071333,61.0,eduroam,False,-86.84615384615384
59304,59.349245200000006,18.0705725,50.0,eduroam,False,-84.5
59347,59.349217700000004,18.0701625,53.0,eduroam,False,-95.0
59372,59.3492564,18.0699052,56.0,eduroam,False,-90.33333333333333
59414,59.349349200000006,18.06966,60.0,eduroam,False,-89.88888888888889
59452,59.349427299999995,18.0693525,55.0,eduroam,False,-89.5
59485,59.3495952,18.0691653,58.0,eduroam,False,-90.71428571428571
59524,59.349774100000005,18.0690087,54.0,eduroam,False,-90.42857142857143
59566,59.3496924,18.0684748,64.0,eduroam,False,-89.33333333333333
59605,59.349555200000005,18.068001000000002,67.0,eduroam,False,-87.0
59637,59.34976120000001,18.0678548,63.0,eduroam,False,-84.88888888888889
59667,59.34995210000001,18.0676855,61.0,eduroam,False,-83.5
59694,59.350052600000005,18.0672912,64.0,eduroam,False,-85.22222222222223
59728,59.35012439999999,18.0669412,65.0,eduroam,False,-84.52173913043478
59806,59.3498772,18.067041699999997,66.0,eduroam,False,-74.2
59828,59.3497936,18.0668258,65.0,eduroam,False,-78.71428571428571
59862,59.34980129999999,18.066953100000003,64.0,eduroam,False,-79.63636363636364
59895,59.349726100000005,18.066885199999998,64.0,eduroam,False,-85.125
59914,59.349619700000005,18.0667256,58.0,eduroam,False,-81.4
59929,59.3495649,18.0666512,43.0,eduroam,False,-78.2
59947,59.3495056,18.066478200000002,43.0,eduroam,False,-80.5
59965,59.3497056,18.066768600000003,49.0,eduroam,False,-80.75
59981,59.349642599999996,18.066762899999997,42.0,eduroam,False,-71.0
59996,59.3497171,18.0668275,45.0,eduroam,False,-74.75
60016,59.349698100000005,18.066755399999998,46.0,eduroam,False,-80.57142857142857
60037,59.3496938,18.066744500000002,46.0,eduroam,False,-79.66666666666667
60052,59.3496934,18.0667432,46.0,eduroam,False,-81.23809523809524
60068,59.3496933,18.066743300000002,46.0,eduroam,False,-80.57142857142857
60093,59.3496934,18.0667428,46.0,eduroam,False,-81.23809523809524
60116,59.3496934,18.066742899999998,46.0,eduroam,False,-81.23809523809524
60139,59.349693200000004,18.0667415,46.0,eduroam,False,-74.85714285714286
60160,59.34969399999999,18.0667432,46.0,eduroam,False,-78.5
60182,59.3496945,18.066744600000003,46.0,eduroam,False,-81.375
60208,59.3496954,18.0667469,46.0,eduroam,False,-82.88888888888889
60234,59.3496968,18.066750199999998,46.0,eduroam,False,-81.0
60255,59.3496976,18.0667512,46.0,eduroam,False,-81.33333333333333
60277,59.3496988,18.0667513,46.0,eduroam,False,-84.125
60299,59.3497628,18.066881600000002,48.0,eduroam,False,-80.5
60318,59.3497755,18.066889800000002,51.0,eduroam,False,-82.14285714285714
60336,59.34977729999999,18.0668833,52.0,eduroam,False,-83.22222222222223
60358,59.3497779,18.066884899999998,52.0,eduroam,False,-82.5
60379,59.349778500000006,18.0668858,52.0,eduroam,False,-81.6923076923077
60399,59.34977859999999,18.0668855,52.0,eduroam,False,-80.16666666666667
60419,59.3497789,18.0668853,52.0,eduroam,False,-80.57142857142857
60439,59.3497782,18.0668836,52.0,eduroam,False,-81.76190476190476
60455,59.3497782,18.066885100000004,52.0,eduroam,False,-81.76190476190476
60476,59.3497784,18.0668836,52.0,eduroam,False,-81.39285714285714
60500,59.349778,18.066882800000002,52.0,eduroam,False,-82.29411764705883
60524,59.3497782,18.0668829,52.0,eduroam,False,-81.76190476190476
60546,59.3497784,18.0668822,52.0,eduroam,False,-81.39285714285714
60565,59.349778,18.0668782,52.0,eduroam,False,-82.29411764705883
60589,59.3497784,18.0668781,52.0,eduroam,False,-81.39285714285714
60611,59.3497784,18.0668774,52.0,eduroam,False,-81.39285714285714
60631,59.3497783,18.0668771,52.0,eduroam,False,-79.2
60652,59.349778500000006,18.0668781,52.0,eduroam,False,-81.6923076923077
60673,59.349777,18.0668761,52.0,eduroam,False,-82.875
60695,59.3497731,18.0668648,53.0,eduroam,False,-80.0
60723,59.349767799999995,18.0668479,53.0,eduroam,False,-81.66666666666667
60754,59.34976410000001,18.066834699999998,54.0,eduroam,False,-78.2
60775,59.3497747,18.0667009,60.0,eduroam,False,-79.66666666666667
60795,59.3497048,18.066485600000004,73.0,eduroam,False,-81.5
60814,59.3497205,18.0665307,72.0,eduroam,False,-79.4
60833,59.349692299999994,18.0665913,76.0,eduroam,False,-79.76923076923077
60888,59.350764500000004,18.064482199999997,0.0,eduroam,False,-83.375
60919,59.349964899999996,18.0663057,0.0,eduroam,False,-80.84615384615384
60958,59.350010100000006,18.0661955,0.0,eduroam,False,-75.78571428571429
61001,59.3500123,18.066182100000002,0.0,eduroam,False,-74.44444444444444
61031,59.3500235,18.0662328,0.0,eduroam,False,-75.2
61061,59.35000529999999,18.0663893,0.0,eduroam,False,-74.5
61082,59.34989870000001,18.0665948,0.0,eduroam,False,-60.8
61101,59.3498675,18.0667734,0.0,eduroam,False,-66.25
61126,59.349830299999994,18.0668282,0.0,eduroam,False,-70.55555555555556
61151,59.3497941,18.066717800000003,0.0,eduroam,False,-78.06666666666666
61190,59.3498162,18.066629000000002,0.0,eduroam,False,-82.44444444444444
61223,59.34986020000001,18.0665709,0.0,eduroam,False,-76.9
61251,59.34999010000001,18.0664905,0.0,eduroam,False,-71.85714285714286
61272,59.350322899999995,18.066109,0.0,eduroam,False,-77.875
61294,59.350297,18.066117300000002,0.0,eduroam,False,-73.0
61313,59.350014,18.0659459,73.0,eduroam,False,-74.0
61342,59.3500679,18.0663323,65.0,eduroam,False,-85.66666666666667
61385,59.35014029999999,18.0666203,55.0,eduroam,False,-82.625
61438,59.3503909,18.0666585,51.0,eduroam,False,-82.85714285714286
61503,59.350541099999994,18.0670286,46.0,eduroam,False,-85.66666666666667
61588,59.35070579999999,18.067577899999996,58.0,eduroam,False,-89.75
61641,59.350709200000004,18.067814600000002,59.0,eduroam,False,-92.33333333333333
61709,59.3508081,18.0681603,56.0,eduroam,False,-93.0
61758,59.3508696,18.0682712,57.0,eduroam,False,-85.0
61779,59.3507708,18.068635699999998,57.0,eduroam,False,-91.0
61791,59.350773700000005,18.0689223,56.0,eduroam,False,-91.25
61814,59.3507917,18.0692158,51.0,eduroam,False,-90.5
61823,59.3509207,18.0695035,45.0,eduroam,False,-90.5
61839,59.350945499999995,18.069791199999997,42.0,eduroam,False,-92.0
61846,59.351058200000004,18.0697678,44.0,eduroam,False,-89.0
61857,59.3511626,18.0698651,38.0,eduroam,False,-80.0
61876,59.3513098,18.069914,41.0,eduroam,False,-71.5
61897,59.3513961,18.0702258,42.0,eduroam,False,-75.33333333333333
61917,59.3513843,18.0702721,44.0,eduroam,False,-79.66666666666667
61927,59.351387800000005,18.0702629,44.0,eduroam,False,-81.33333333333333
61937,59.351387,18.0702632,44.0,eduroam,False,-76.6
61958,59.351386399999996,18.070264899999998,45.0,eduroam,False,-84.63636363636364
61988,59.351702,18.070349800000002,43.0,eduroam,False,-88.2
62001,59.3516837,18.070254600000002,43.0,eduroam,False,-85.0
62011,59.3516094,18.0701436,47.0,eduroam,False,-85.0
62014,59.3516958,18.070213199999998,47.0,eduroam,False,-88.0
62026,59.351082999999996,18.0697945,0.0,eduroam,False,-88.0
62045,59.351695299999996,18.0702137,47.0,eduroam,False,-72.0
62058,59.3515498,18.0702123,53.0,eduroam,False,-78.0
62071,59.3514341,18.0700055,56.0,eduroam,False,-82.6
62089,59.3513506,18.0696737,58.0,eduroam,False,-83.0
62100,59.3514024,18.0694892,49.0,eduroam,False,-87.33333333333333
62109,59.3515659,18.069343300000003,44.0,eduroam,False,-87.625
62130,59.3515723,18.069440399999998,0.0,eduroam,False,-86.75
62142,59.3520676,18.0679954,21.0,eduroam,False,-84.8
62157,59.3522601,18.0677765,27.0,eduroam,False,-80.0
62171,59.3522248,18.0675802,0.0,eduroam,False,-81.14285714285714
62199,59.3520697,18.0673887,38.0,eduroam,False,-83.85714285714286
62230,59.3520238,18.067149899999997,39.0,eduroam,False,-87.0
62257,59.3520081,18.0668916,43.0,eduroam,False,-89.625
62300,59.3519397,18.0666978,47.0,eduroam,False,-89.0
62361,59.3518169,18.0665755,50.0,eduroam,False,-89.33333333333333
62413,59.351673600000005,18.0665006,47.0,eduroam,False,-88.16666666666667
62468,59.351528099999996,18.0664925,45.0,eduroam,False,-85.2
62535,59.35141899999999,18.0666806,49.0,eduroam,False,-82.0
62601,59.351311800000005,18.066793,51.0,eduroam,False,-84.0
62663,59.35118979999999,18.0669831,51.0,eduroam,False,-83.75
62730,59.35104499999999,18.0672216,50.0,eduroam,False,-89.71428571428571
62794,59.3508995,18.067242899999997,53.0,eduroam,False,-91.5
62871,59.350780099999994,18.0669748,48.0,eduroam,False,-91.66666666666667
62961,59.350607600000004,18.0670712,50.0,eduroam,False,-92.0
63017,59.3505083,18.0668464,51.0,eduroam,False,-86.0
63056,59.350400199999996,18.06663,53.0,eduroam,False,-84.42857142857143
63093,59.350309700000004,18.0663461,58.0,eduroam,False,-84.88888888888889
63133,59.3501837,18.0661049,55.0,eduroam,False,-82.11111111111111
63170,59.3500747,18.0660262,55.0,eduroam,False,-76.33333333333333
63223,59.3457596,18.0716507,0.0,eduroam,False,-92.0
63252,59.34614379999999,18.071406399999997,63.0,eduroam,False,-89.08333333333333
63347,59.3462679,18.0718134,57.0,eduroam,False,-89.2
63431,59.3465003,18.0719374,55.0,eduroam,False,-90.6
63485,59.3468149,18.0717016,46.0,eduroam,False,-89.5
63532,59.3468946,18.071566100000002,48.0,eduroam,False,-88.3157894736842
63636,59.3471784,18.0713535,50.0,eduroam,False,-85.44444444444444
63664,59.3473589,18.0712932,58.0,eduroam,False,-83.13333333333334
63725,59.3476484,18.070851,54.0,eduroam,False,-85.42857142857143
63777,59.3477983,18.070573100000004,56.0,eduroam,False,-82.28571428571429
63832,59.347885600000005,18.0704753,49.0,eduroam,False,-82.9
63877,59.3480061,18.070324,46.0,eduroam,False,-87.0
63919,59.348189399999995,18.0702219,44.0,eduroam,False,-87.27272727272727
63977,59.3483544,18.0701702,47.0,eduroam,False,-87.61538461538461
64039,59.3486515,18.070032100000002,56.0,eduroam,False,-86.91666666666667
64089,59.3487981,18.069983800000003,51.0,eduroam,False,-84.9090909090909
64134,59.348878899999995,18.069777300000002,38.0,eduroam,False,-89.6
64181,59.348997600000004,18.0695294,45.0,eduroam,False,-92.14285714285714
64220,59.3492851,18.069194600000003,47.0,eduroam,False,-89.83333333333333
64251,59.349357299999994,18.0689077,53.0,eduroam,False,-89.25
64276,59.34941479999999,18.0688238,59.0,eduroam,False,-87.5
64299,59.349433999999995,18.0686264,54.0,eduroam,False,-86.0
64315,59.349565399999996,18.068486800000002,51.0,eduroam,False,-86.0
64367,59.349548899999995,18.068027999999998,61.0,eduroam,False,-82.5
64380,59.35006070000001,18.0671392,0.0,eduroam,False,-79.9090909090909
64437,59.350144799999995,18.0670568,68.0,eduroam,False,-88.0
64472,59.3462683,18.0691116,0.0,eduroam,False,-85.5
64486,59.35015670000001,18.0670663,0.0,eduroam,False,-81.42857142857143
64507,59.349866799999994,18.0668118,69.0,eduroam,False,-84.5625
64557,59.350151600000004,18.066689800000002,69.0,eduroam,False,-85.9
64582,59.3501704,18.0670285,64.0,eduroam,False,-81.81818181818181
64610,59.3500914,18.0668655,61.0,eduroam,False,-81.18181818181819
64671,59.349818400000004,18.0665357,62.0,eduroam,False,-83.70588235294117
64723,59.34964670000001,18.066731,63.0,eduroam,False,-85.6
64753,59.3496761,18.066785600000003,60.0,eduroam,False,-85.81818181818181
64781,59.34970229999999,18.066716500000002,64.0,eduroam,False,-81.75
64804,59.3497005,18.066748800000003,58.0,eduroam,False,-82.55555555555556
64830,59.349701100000004,18.066751500000002,58.0,eduroam,False,-85.0
64857,59.3497002,18.066751699999998,58.0,eduroam,False,-86.7
64889,59.34969939999999,18.0667508,58.0,eduroam,False,-83.8
64918,59.34969920000001,18.0667532,58.0,eduroam,False,-83.22222222222223
64946,59.3496988,18.066755,58.0,eduroam,False,-84.125
64975,59.3497061,18.066785999999997,59.0,eduroam,False,-83.66666666666667
64996,59.3497076,18.0668008,58.0,eduroam,False,-80.75
65023,59.3497105,18.0668045,59.0,eduroam,False,-81.0
65050,59.349705500000006,18.066808899999998,60.0,eduroam,False,-84.9
65078,59.3497068,18.0668035,58.0,eduroam,False,-83.82352941176471
65105,59.349707200000005,18.066801899999998,58.0,eduroam,False,-83.22222222222223
65132,59.349709999999995,18.0667989,58.0,eduroam,False,-81.14285714285714
65158,59.3497122,18.0667815,58.0,eduroam,False,-84.625
65183,59.3497101,18.0667703,56.0,eduroam,False,-83.9
65208,59.34971410000001,18.0667577,56.0,eduroam,False,-83.77777777777777
65234,59.349714600000006,18.066748800000003,55.0,eduroam,False,-84.0
65257,59.3497157,18.0667438,55.0,eduroam,False,-83.0
65282,59.34971289999999,18.0667422,54.0,eduroam,False,-83.375
65309,59.349714600000006,18.0667428,54.0,eduroam,False,-84.0
65334,59.349714600000006,18.0667426,54.0,eduroam,False,-84.0
65363,59.349714600000006,18.0667424,54.0,eduroam,False,-84.0
65387,59.349714399999996,18.066744600000003,55.0,eduroam,False,-85.5
65412,59.3497123,18.0667428,54.0,eduroam,False,-84.33333333333333
65438,59.3497113,18.0667475,55.0,eduroam,False,-83.22222222222223
65468,59.3497127,18.066746,55.0,eduroam,False,-83.6
65494,59.3497089,18.0667465,56.0,eduroam,False,-85.44444444444444
65515,59.3497068,18.0667423,56.0,eduroam,False,-83.82352941176471
65535,59.349706700000006,18.0667421,56.0,eduroam,False,-78.4
65557,59.3497066,18.0667421,56.0,eduroam,False,-84.4
65584,59.3497066,18.066742,56.0,eduroam,False,-84.4
65635,59.3497066,18.0667422,56.0,eduroam,False,-84.4
65661,59.349706499999996,18.0667421,56.0,eduroam,False,-84.375
65721,59.349706499999996,18.0667422,56.0,eduroam,False,-84.375
65777,59.349706499999996,18.0667423,56.0,eduroam,False,-84.375
65795,59.3497064,18.0667423,56.0,eduroam,False,-83.58823529411765
65879,59.3497064,18.0667421,56.0,eduroam,False,-83.58823529411765
65906,59.3496785,18.0666007,62.0,eduroam,False,-83.57142857142857
65934,59.3496358,18.066366,74.0,eduroam,False,-82.75
65963,59.3496173,18.0663332,68.0,eduroam,False,-81.7
65998,59.3496145,18.066399,66.0,eduroam,False,-83.88888888888889
66030,59.3496137,18.0664034,66.0,eduroam,False,-85.92307692307692
66067,59.349613899999994,18.0664045,66.0,eduroam,False,-82.54545454545455
66101,59.349614,18.066405,66.0,eduroam,False,-77.66666666666667
66128,59.3496142,18.066405300000003,66.0,eduroam,False,-82.875
66159,59.3496144,18.0664065,66.0,eduroam,False,-85.77777777777777
66188,59.3496147,18.066407,66.0,eduroam,False,-85.125
66215,59.349615,18.0664078,66.0,eduroam,False,-80.16666666666667
66239,59.3496152,18.0664081,66.0,eduroam,False,-83.0
66266,59.3496517,18.0664871,67.0,eduroam,False,-86.25
66293,59.3497536,18.0669086,77.0,eduroam,False,-86.88888888888889
66317,59.349769900000005,18.066939399999995,72.0,eduroam,False,-81.0
66338,59.3497644,18.066825,77.0,eduroam,False,-77.5
66362,59.349767299999996,18.0668198,78.0,eduroam,False,-82.57142857142857
66387,59.3497676,18.0668201,78.0,eduroam,False,-82.07692307692308
66409,59.3497676,18.0668202,78.0,eduroam,False,-82.07692307692308
66428,59.3497677,18.0668193,78.0,eduroam,False,-78.28571428571429
66442,59.3497677,18.066819,78.0,eduroam,False,-78.28571428571429
